### 【mysql】mysqlSQL语句-crete语法[链接](https://www.jianshu.com/p/3ce2245bafae)

### 1.操作数据库的4种方式(使用SQL语句)
* 1.查询数据
* 2.修改数据
* 3.删除数据
* 4.增加数据

### 2.常用的SQL语句

#### 2.1 `create`语句

##### 2.1.1 创建数据库`ceshi1`
> `create database ceshi1;`
```
mysql> create database ceshi1;
Query OK, 1 row affected (0.00 sec)

mysql> show databases;
+--------------------+
| Database           |
+--------------------+
| information_schema |
| aaaa               |
| ceshi1             |
| mysql              |
| performance_schema |
+--------------------+
5 rows in set (0.00 sec)
```

##### 2.1.2 查看数据库是如何建立的
> `show create database ceshi1;`
```
mysql> show create database ceshi1;
+----------+-------------------------------------------------------------------+
| Database | Create Database                                                   |
+----------+-------------------------------------------------------------------+
| ceshi1   | CREATE DATABASE `ceshi1` /*!40100 DEFAULT CHARACTER SET latin1 */ |
+----------+-------------------------------------------------------------------+
1 row in set (0.00 sec)
```

##### 2.1.3 创建数据库`ceshi2`并设置默认的字符编码集为utf-8
> `create database ceshi2 default charset utf8;`
```
mysql> create database ceshi2 default charset utf8;
Query OK, 1 row affected (0.00 sec)

mysql> show databases;
+--------------------+
| Database           |
+--------------------+
| information_schema |
| aaaa               |
| ceshi1             |
| ceshi2             |
| mysql              |
| performance_schema |
+--------------------+
6 rows in set (0.00 sec)
```

##### 2.1.4 创建数据库`ceshi1`如果不存在就创建，如果存在就警告
> `create database  IF NOT EXISTS ceshi1  default charset utf8;`
```
mysql> create database  IF NOT EXISTS ceshi1  default charset utf8;
Query OK, 1 row affected, 1 warning (0.00 sec)

mysql> show warnings;
+-------+------+-------------------------------------------------+
| Level | Code | Message                                         |
+-------+------+-------------------------------------------------+
| Note  | 1007 | Can't create database 'ceshi1'; database exists |
+-------+------+-------------------------------------------------+
1 row in set (0.00 sec)
```

##### 2.1.5 查看最后一次的`warning`的信息
> `show warnings;`
```
mysql> show warnings;
+-------+------+-------------------------------------------------+
| Level | Code | Message                                         |
+-------+------+-------------------------------------------------+
| Note  | 1007 | Can't create database 'ceshi1'; database exists |
+-------+------+-------------------------------------------------+
1 row in set (0.00 sec)
```

### 3.创建表 
> 二维表: (表由行和列组成，表必须存在于某一个库当中)
* 2个变量
    * `varchar`：不定长。比如我设一个字段为50个字符，那么我只占用了30个字符，那么数据库给我计算的时候只给我算30个字符。
    * `char`: 定长。比如我设置一个字段为50个字符，我只占用了10个字符，但是数据库还是会给我算50个字符的空间的占用

#### 3.1 进入`ceshi1`库
> `use ceshi1;`
```
mysql> use ceshi1;
Database changed
```

#### 3.2 在`ceshi1`库中创建t1表并创建4个字段
* 1.第一个字段`id` 设置`int类型`  => `id int`
* 2.第二个字段`name` 指定`字符长度为50`  => `name varchar(50)`
* 3.第三个字段`salary` 指定`保留小数点2位`  => `salary decimal(10,2)`
* 4.第四个字段`dept` 执行`字符长度为50`  => `dept varchar(50))`
> `create table ceshi1.t1(id int, name varchar(50),salary decimal(10,2),dept varchar(50));`
```
mysql> create table ceshi1.t1(id int, name varchar(50),salary decimal(10,2),dept varchar(50));
Query OK, 0 rows affected (0.01 sec)
``` 

#### 3.3 查看t1表结构
> `DESCRIBE t1;`
```
mysql> DESCRIBE t1;
+--------+---------------+------+-----+---------+-------+
| Field  | Type          | Null | Key | Default | Extra |
+--------+---------------+------+-----+---------+-------+
| id     | int(11)       | YES  |     | NULL    |       |
| name   | varchar(50)   | YES  |     | NULL    |       |
| salary | decimal(10,2) | YES  |     | NULL    |       |
| dept   | varchar(50)   | YES  |     | NULL    |       |
+--------+---------------+------+-----+---------+-------+
4 rows in set (0.00 sec)
```

#### 3.4 查看t1表示如何创建的?
> `show create table t1;`
>
> 默认存储引擎和编码格式：`ENGINE=InnoDB DEFAULT CHARSET=latin1`
```
mysql> show create table t1;
+-------+-----------------------------------------------------------------------------------------------------------------------------------------------------------------------------------------------------+
| Table | Create Table                                                                                                                                                                                        |
+-------+-----------------------------------------------------------------------------------------------------------------------------------------------------------------------------------------------------+
| t1    | CREATE TABLE `t1` (
  `id` int(11) DEFAULT NULL,
  `name` varchar(50) DEFAULT NULL,
  `salary` decimal(10,2) DEFAULT NULL,
  `dept` varchar(50) DEFAULT NULL
) ENGINE=InnoDB DEFAULT CHARSET=latin1 |
+-------+-----------------------------------------------------------------------------------------------------------------------------------------------------------------------------------------------------+
1 row in set (0.00 sec)
```

#### 3.5 往t1表插入数据
> `insert into t1 set id=1,name='zhangsan',salary=5000,dept='shengchanbu';`
>
> `insert into t1 set id=1,name='lisi',salary=8000,dept='xiaoshou';`
```
mysql> insert into t1 set id=1,name='zhangsan',salary=5000,dept='shengchanbu';
Query OK, 1 row affected (0.00 sec)

mysql> insert into t1 set id=1,name='lisi',salary=8000,dept='xiaoshou';
Query OK, 1 row affected (0.01 sec)

mysql> select * from t1;
+------+----------+---------+-------------+
| id   | name     | salary  | dept        |
+------+----------+---------+-------------+
|    1 | zhangsan | 5000.00 | shengchanbu |
|    1 | lisi     | 8000.00 | xiaoshou    |
+------+----------+---------+-------------+
2 rows in set (0.00 sec)
```

#### 3.6 查询t1表中所有内容
> `select * from t1;`
```
mysql> select * from t1;
+------+----------+---------+-------------+
| id   | name     | salary  | dept        |
+------+----------+---------+-------------+
|    1 | zhangsan | 5000.00 | shengchanbu |
|    1 | lisi     | 8000.00 | xiaoshou    |
+------+----------+---------+-------------+
2 rows in set (0.00 sec)
```