### 【mysql】mysql-创建用户删除数据修改数据[链接](https://www.jianshu.com/p/3ce2245bafae)

### 1.创建用户

#### 1.1 创建一个用户，用户名：user01，密码：123
* 创建本地数据用户：`create user user01@'localhost' identified by '123';`
* 创建远程服务器用户：`create user user01@'ip地址' identified by '123';`
```
mysql> create user user01@'localhost' identified by '123';
Query OK, 0 rows affected (0.00 sec)
```

#### 1.2 设置`user01`用户的密码
> `set password for user01@'localhost'=password('123');`
```
mysql> set password for user01@'localhost'=password('123');
Query OK, 0 rows affected (0.00 sec)
``` 

#### 1.3 查询`user01`用户是否创建成功
> `select user,host,password from user;`
```
mysql> show databases;
+--------------------+
| Database           |
+--------------------+
| information_schema |
| aaaa               |
| ceshi1             |
| ceshi2             |
| mysql              |
| performance_schema |
+--------------------+
6 rows in set (0.00 sec)

mysql> use mysql;
Reading table information for completion of table and column names
You can turn off this feature to get a quicker startup with -A

Database changed
mysql> show tables;
+---------------------------+
| Tables_in_mysql           |
+---------------------------+
| columns_priv              |
| db                        |
| event                     |
| func                      |
| general_log               |
| help_category             |
| help_keyword              |
| help_relation             |
| help_topic                |
| innodb_index_stats        |
| innodb_table_stats        |
| ndb_binlog_index          |
| plugin                    |
| proc                      |
| procs_priv                |
| proxies_priv              |
| servers                   |
| slave_master_info         |
| slave_relay_log_info      |
| slave_worker_info         |
| slow_log                  |
| tables_priv               |
| time_zone                 |
| time_zone_leap_second     |
| time_zone_name            |
| time_zone_transition      |
| time_zone_transition_type |
| user                      |
+---------------------------+
28 rows in set (0.00 sec)

mysql> select user,host,password from user;
+--------+-----------+-------------------------------------------+
| user   | host      | password                                  |
+--------+-----------+-------------------------------------------+
| root   | localhost | *FAAFFE644E901CFAFAEC7562415E5FAEC243B8B2 |
| root   | centos02  |                                           |
| root   | 127.0.0.1 |                                           |
| root   | ::1       |                                           |
|        | localhost |                                           |
|        | centos02  |                                           |
| user01 | localhost | *23AE809DDACAF96AF0FD78ED04B6A265E05AA257 |
+--------+-----------+-------------------------------------------+
7 rows in set (0.00 sec)

mysql> select user,host,password from user\G;
*************************** 1. row ***************************
    user: root
    host: localhost
password: *FAAFFE644E901CFAFAEC7562415E5FAEC243B8B2
*************************** 2. row ***************************
    user: root
    host: centos02
password: 
*************************** 3. row ***************************
    user: root
    host: 127.0.0.1
password: 
*************************** 4. row ***************************
    user: root
    host: ::1
password: 
*************************** 5. row ***************************
    user: 
    host: localhost
password: 
*************************** 6. row ***************************
    user: 
    host: centos02
password: 
*************************** 7. row ***************************
    user: user01
    host: localhost
password: *23AE809DDACAF96AF0FD78ED04B6A265E05AA257
7 rows in set (0.00 sec)

ERROR: 
No query specified
```

#### 1.4 查看用户权限
> `show grants;`
```
mysql> show grants;
+----------------------------------------------------------------------------------------------------------------------------------------+
| Grants for root@localhost                                                                                                              |
+----------------------------------------------------------------------------------------------------------------------------------------+
| GRANT ALL PRIVILEGES ON *.* TO 'root'@'localhost' IDENTIFIED BY PASSWORD '*FAAFFE644E901CFAFAEC7562415E5FAEC243B8B2' WITH GRANT OPTION |
| GRANT PROXY ON ''@'' TO 'root'@'localhost' WITH GRANT OPTION                                                                           |
+----------------------------------------------------------------------------------------------------------------------------------------+
2 rows in set (0.00 sec)
```

### 2.drop 
> 删除数据库对象(表/库/用户)

#### 2.1 删除表`t2、t3`
> `drop table 表名;`
```
mysql> show tables;
+------------------+
| Tables_in_ceshi1 |
+------------------+
| t1               |
| t2               |
| t3               |
+------------------+
3 rows in set (0.00 sec)

mysql> drop table t2;
Query OK, 0 rows affected (0.02 sec)

mysql> drop table t3;
Query OK, 0 rows affected (0.01 sec)

mysql> show tables;
+------------------+
| Tables_in_ceshi1 |
+------------------+
| t1               |
+------------------+
1 row in set (0.00 sec)
```

#### 2.2 删除数据库
> `drop database 表名;`
```
mysql> show databases;
+--------------------+
| Database           |
+--------------------+
| information_schema |
| aaaa               |
| ceshi1             |
| ceshi2             |
| ceshi3             |
| mysql              |
| performance_schema |
+--------------------+
7 rows in set (0.00 sec)

mysql> drop database ceshi2;
Query OK, 0 rows affected (0.00 sec)

mysql> drop database ceshi3;
Query OK, 0 rows affected (0.00 sec)

mysql> show databases;
+--------------------+
| Database           |
+--------------------+
| information_schema |
| aaaa               |
| ceshi1             |
| mysql              |
| performance_schema |
+--------------------+
5 rows in set (0.00 sec)
```

### 3.删除用户

#### 3.1 删除`user01`用户
> `drop user 用户名@'ip地址|localhost';`
```
mysql> select user,host,password from user;
+--------+-----------+-------------------------------------------+
| user   | host      | password                                  |
+--------+-----------+-------------------------------------------+
| root   | localhost | *FAAFFE644E901CFAFAEC7562415E5FAEC243B8B2 |
| root   | centos02  |                                           |
| root   | 127.0.0.1 |                                           |
| root   | ::1       |                                           |
|        | localhost |                                           |
|        | centos02  |                                           |
| user01 | localhost | *23AE809DDACAF96AF0FD78ED04B6A265E05AA257 |
+--------+-----------+-------------------------------------------+
7 rows in set (0.00 sec)

mysql> drop user user01@'localhost';
Query OK, 0 rows affected (0.00 sec)

mysql> select user,host,password from user;
+------+-----------+-------------------------------------------+
| user | host      | password                                  |
+------+-----------+-------------------------------------------+
| root | localhost | *FAAFFE644E901CFAFAEC7562415E5FAEC243B8B2 |
| root | centos02  |                                           |
| root | 127.0.0.1 |                                           |
| root | ::1       |                                           |
|      | localhost |                                           |
|      | centos02  |                                           |
+------+-----------+-------------------------------------------+
6 rows in set (0.00 sec)
```

### 4.alter
> 修改已经存在数据库对象（库/表/列）的属性

#### 4.1 修改`ceshi1`数据库语言编码为`utf8`
> `alter database ceshi1 default character set utf8;`
```
mysql> show create database ceshi1;
+----------+-------------------------------------------------------------------+
| Database | Create Database                                                   |
+----------+-------------------------------------------------------------------+
| ceshi1   | CREATE DATABASE `ceshi1` /*!40100 DEFAULT CHARACTER SET latin1 */ |
+----------+-------------------------------------------------------------------+
1 row in set (0.00 sec)

mysql> alter database ceshi1 default character set utf8;
Query OK, 1 row affected (0.00 sec)

mysql> show create database ceshi1;
+----------+-----------------------------------------------------------------+
| Database | Create Database                                                 |
+----------+-----------------------------------------------------------------+
| ceshi1   | CREATE DATABASE `ceshi1` /*!40100 DEFAULT CHARACTER SET utf8 */ |
+----------+-----------------------------------------------------------------+
1 row in set (0.00 sec)
```

#### 4.2 修改表的属性
```
mysql> show tables;
+------------------+
| Tables_in_ceshi1 |
+------------------+
| t1               |
+------------------+
1 row in set (0.00 sec)

mysql> create table t2(name varchar(50));
Query OK, 0 rows affected (0.01 sec)

mysql> desc t2;
+-------+-------------+------+-----+---------+-------+
| Field | Type        | Null | Key | Default | Extra |
+-------+-------------+------+-----+---------+-------+
| name  | varchar(50) | YES  |     | NULL    |       |
+-------+-------------+------+-----+---------+-------+
1 row in set (0.00 sec)
```

##### 4.2.1 添加`id列(int)`成为第一列
> `alter table t2 add id int first;`
```
mysql> alter table t2 add id int first;
Query OK, 0 rows affected (0.00 sec)
Records: 0  Duplicates: 0  Warnings: 0

mysql> desc t2;
+-------+-------------+------+-----+---------+-------+
| Field | Type        | Null | Key | Default | Extra |
+-------+-------------+------+-----+---------+-------+
| id    | int(11)     | YES  |     | NULL    |       |
| name  | varchar(50) | YES  |     | NULL    |       |
+-------+-------------+------+-----+---------+-------+
2 rows in set (0.00 sec)
```

##### 4.2.2 在`id`列后面添加`id2(int)`列
> `alter table t2 add id2 int after id;`
```
mysql> alter table t2 add id2 int after id;
Query OK, 0 rows affected (0.01 sec)
Records: 0  Duplicates: 0  Warnings: 0

mysql> desc t2;
+-------+-------------+------+-----+---------+-------+
| Field | Type        | Null | Key | Default | Extra |
+-------+-------------+------+-----+---------+-------+
| id    | int(11)     | YES  |     | NULL    |       |
| id2   | int(11)     | YES  |     | NULL    |       |
| name  | varchar(50) | YES  |     | NULL    |       |
+-------+-------------+------+-----+---------+-------+
3 rows in set (0.00 sec)
```

##### 4.2.3 删除`id2`列
> `alter table t2 drop id2;`
```
mysql> alter table t2 drop id2;
Query OK, 0 rows affected (0.01 sec)
Records: 0  Duplicates: 0  Warnings: 0

mysql> desc t2;
+-------+-------------+------+-----+---------+-------+
| Field | Type        | Null | Key | Default | Extra |
+-------+-------------+------+-----+---------+-------+
| id    | int(11)     | YES  |     | NULL    |       |
| name  | varchar(50) | YES  |     | NULL    |       |
+-------+-------------+------+-----+---------+-------+
2 rows in set (0.00 sec)
```

##### 4.2.4 修改`id`列名为`ID`类型更改为`bigint`
> `alter table t2 change id ID bigint;`
```
mysql> desc t2;
+-------+-------------+------+-----+---------+-------+
| Field | Type        | Null | Key | Default | Extra |
+-------+-------------+------+-----+---------+-------+
| id    | int(11)     | YES  |     | NULL    |       |
| name  | varchar(50) | YES  |     | NULL    |       |
+-------+-------------+------+-----+---------+-------+
2 rows in set (0.00 sec)

mysql> alter table t2 change id ID bigint;
Query OK, 0 rows affected (0.02 sec)
Records: 0  Duplicates: 0  Warnings: 0

mysql> desc t2;
+-------+-------------+------+-----+---------+-------+
| Field | Type        | Null | Key | Default | Extra |
+-------+-------------+------+-----+---------+-------+
| ID    | bigint(20)  | YES  |     | NULL    |       |
| name  | varchar(50) | YES  |     | NULL    |       |
+-------+-------------+------+-----+---------+-------+
2 rows in set (0.00 sec)
```

##### 4.2.5 修改`ID`列的数据类型为`int`
> `alter table t2 modify ID int;`
```
mysql> desc t2;
+-------+-------------+------+-----+---------+-------+
| Field | Type        | Null | Key | Default | Extra |
+-------+-------------+------+-----+---------+-------+
| ID    | bigint(20)  | YES  |     | NULL    |       |
| name  | varchar(50) | YES  |     | NULL    |       |
+-------+-------------+------+-----+---------+-------+
2 rows in set (0.00 sec)

mysql> alter table t2 modify ID int;
Query OK, 0 rows affected (0.02 sec)
Records: 0  Duplicates: 0  Warnings: 0

mysql> desc t2;
+-------+-------------+------+-----+---------+-------+
| Field | Type        | Null | Key | Default | Extra |
+-------+-------------+------+-----+---------+-------+
| ID    | int(11)     | YES  |     | NULL    |       |
| name  | varchar(50) | YES  |     | NULL    |       |
+-------+-------------+------+-----+---------+-------+
2 rows in set (0.01 sec)
```

##### 4.2.6 将`t2`表重命名为`t20`
> `alter table t2 rename t20;`
```
mysql> show tables;
+------------------+
| Tables_in_ceshi1 |
+------------------+
| t1               |
| t2               |
+------------------+
2 rows in set (0.00 sec)

mysql> alter table t2 rename t20;
Query OK, 0 rows affected (0.01 sec)

mysql> show tables;
+------------------+
| Tables_in_ceshi1 |
+------------------+
| t1               |
| t20              |
+------------------+
2 rows in set (0.00 sec)
```

##### 4.2.7 查看数据库有哪些存储引擎
> `show engines;`
```
mysql> show engines;
+--------------------+---------+----------------------------------------------------------------+--------------+------+------------+
| Engine             | Support | Comment                                                        | Transactions | XA   | Savepoints |
+--------------------+---------+----------------------------------------------------------------+--------------+------+------------+
| InnoDB             | DEFAULT | Supports transactions, row-level locking, and foreign keys     | YES          | YES  | YES        |
| CSV                | YES     | CSV storage engine                                             | NO           | NO   | NO         |
| MRG_MYISAM         | YES     | Collection of identical MyISAM tables                          | NO           | NO   | NO         |
| BLACKHOLE          | YES     | /dev/null storage engine (anything you write to it disappears) | NO           | NO   | NO         |
| MyISAM             | YES     | MyISAM storage engine                                          | NO           | NO   | NO         |
| MEMORY             | YES     | Hash based, stored in memory, useful for temporary tables      | NO           | NO   | NO         |
| ARCHIVE            | YES     | Archive storage engine                                         | NO           | NO   | NO         |
| FEDERATED          | NO      | Federated MySQL storage engine                                 | NULL         | NULL | NULL       |
| PERFORMANCE_SCHEMA | YES     | Performance Schema                                             | NO           | NO   | NO         |
+--------------------+---------+----------------------------------------------------------------+--------------+------+------------+
9 rows in set (0.00 sec)
```

##### 4.2.8 修改`t20`表的存储引擎为`MyISAM`
> `alter table t20 engine MyISAM;`
```
mysql> alter table t20 engine MyISAM;
Query OK, 0 rows affected (0.02 sec)
Records: 0  Duplicates: 0  Warnings: 0

mysql> show create table t20;
+-------+--------------------------------------------------------------------------------------------------------------------------+
| Table | Create Table                                                                                                             |
+-------+--------------------------------------------------------------------------------------------------------------------------+
| t20   | CREATE TABLE `t20` (
  `ID` int(11) DEFAULT NULL,
  `name` varchar(50) DEFAULT NULL
) ENGINE=MyISAM DEFAULT CHARSET=utf8 |
+-------+--------------------------------------------------------------------------------------------------------------------------+
1 row in set (0.00 sec)
```

##### 4.2.9 修改`t20`表的语言编码为`gbk`
> `alter table t20 default charset=gbk;`
```
mysql> show create table t20;
+-------+--------------------------------------------------------------------------------------------------------------------------+
| Table | Create Table                                                                                                             |
+-------+--------------------------------------------------------------------------------------------------------------------------+
| t20   | CREATE TABLE `t20` (
  `ID` int(11) DEFAULT NULL,
  `name` varchar(50) DEFAULT NULL
) ENGINE=InnoDB DEFAULT CHARSET=utf8 |
+-------+--------------------------------------------------------------------------------------------------------------------------+
1 row in set (0.00 sec)

mysql> alter table t20 default charset=gbk;
Query OK, 0 rows affected (0.01 sec)
Records: 0  Duplicates: 0  Warnings: 0

mysql> show create table t20;
+-------+--------------------------------------------------------------------------------------------------------------------------------------------+
| Table | Create Table                                                                                                                               |
+-------+--------------------------------------------------------------------------------------------------------------------------------------------+
| t20   | CREATE TABLE `t20` (
  `ID` int(11) DEFAULT NULL,
  `name` varchar(50) CHARACTER SET utf8 DEFAULT NULL
) ENGINE=InnoDB DEFAULT CHARSET=gbk |
+-------+--------------------------------------------------------------------------------------------------------------------------------------------+
1 row in set (0.00 sec)
```