### 【mysql】mysql-INSERT语句[链接](https://www.jianshu.com/p/3ce2245bafae)

### 1.insert 插入记录

#### 创建id(int)，name(varchar(50))数据表t3、t4
* 1.`create table t3(id int, name varchar(50));`
* 2.`create table t4(id int, name varchar(50));`
```
mysql> create table t3(id int, name varchar(50));
Query OK, 0 rows affected (0.01 sec)

mysql> create table t4(id int, name varchar(50));
Query OK, 0 rows affected (0.02 sec)

mysql> show tables;
+------------------+
| Tables_in_ceshi1 |
+------------------+
| t1               |
| t20              |
| t3               |
| t4               |
+------------------+
4 rows in set (0.01 sec)
```

##### 1.向`t3`表插入数据
> `insert into t3 set id=1,name='张三';`
```
mysql> insert into t3 set id=1,name='张三';
Query OK, 1 row affected (0.01 sec)

mysql> select id,name from t3;
+------+--------+
| id   | name   |
+------+--------+
|    1 | 张三   |
+------+--------+
1 row in set (0.00 sec)
```

##### 2.同时插入id,name的多条数据
> `insert into t3 values(2,'李四'),(3,'王五'),(4,'赵六');`
```
mysql> select id,name from t3;
+------+--------+
| id   | name   |
+------+--------+
|    1 | 张三   |
+------+--------+
1 row in set (0.00 sec)

mysql> insert into t3 values(2,'李四'),(3,'王五'),(4,'赵六');
Query OK, 3 rows affected (0.01 sec)
Records: 3  Duplicates: 0  Warnings: 0

mysql> select id,name from t3;
+------+--------+
| id   | name   |
+------+--------+
|    1 | 张三   |
|    2 | 李四   |
|    3 | 王五   |
|    4 | 赵六   |
+------+--------+
4 rows in set (0.00 sec)
```

##### 3.同时插入多条数据，`只插入id值`
> `insert into t3(id) values(5),(6),(7),(8);`
```
mysql> select id,name from t3;
+------+--------+
| id   | name   |
+------+--------+
|    1 | 张三   |
|    2 | 李四   |
|    3 | 王五   |
|    4 | 赵六   |
+------+--------+
4 rows in set (0.00 sec)

mysql> insert into t3(id) values(5),(6),(7),(8);
Query OK, 4 rows affected (0.01 sec)
Records: 4  Duplicates: 0  Warnings: 0

mysql> select id,name from t3;
+------+--------+
| id   | name   |
+------+--------+
|    1 | 张三   |
|    2 | 李四   |
|    3 | 王五   |
|    4 | 赵六   |
|    5 | NULL   |
|    6 | NULL   |
|    7 | NULL   |
|    8 | NULL   |
+------+--------+
8 rows in set (0.00 sec)
```

##### 4.查出`id<5`的数据
> `select id,name from t3 where id<5;`
```
mysql> select id,name from t3 where id<5;
+------+--------+
| id   | name   |
+------+--------+
|    1 | 张三   |
|    2 | 李四   |
|    3 | 王五   |
|    4 | 赵六   |
+------+--------+
4 rows in set (0.00 sec)
```

##### 5.查出`id<5`的数据后，插入到t4表，注意表结构需一致.
> `insert into ceshi1.t4 select id,name from t3 where id<5;`
```
mysql> show tables;
+------------------+
| Tables_in_ceshi1 |
+------------------+
| t1               |
| t20              |
| t3               |
| t4               |
+------------------+
4 rows in set (0.00 sec)

mysql> insert into ceshi1.t4 select id,name from t3 where id<5;
Query OK, 4 rows affected (0.01 sec)
Records: 4  Duplicates: 0  Warnings: 0

mysql> select id,name from t4;
+------+--------+
| id   | name   |
+------+--------+
|    1 | 张三   |
|    2 | 李四   |
|    3 | 王五   |
|    4 | 赵六   |
+------+--------+
4 rows in set (0.00 sec)
```