### 【mysql】mysql(删除和更新记录)[链接](https://www.jianshu.com/p/3ce2245bafae)

### 1.`update`更新/修改记录

#### 插入数据前
```
mysql> select * from t3;
+------+--------+
| id   | name   |
+------+--------+
|    1 | 张三   |
|    2 | 李四   |
|    3 | 王五   |
|    4 | 赵六   |
|    5 | NULL   |
|    6 | NULL   |
|    7 | NULL   |
|    8 | NULL   |
+------+--------+
8 rows in set (0.00 sec)
```

#### 1.1 根据`id`更改`name`
> `update t3 set name='刘能' where id=5;`
```
mysql> update t3 set name='刘能' where id=5;
Query OK, 1 row affected (0.01 sec)
Rows matched: 1  Changed: 1  Warnings: 0

mysql> select id,name from t3;
+------+--------+
| id   | name   |
+------+--------+
|    1 | 张三   |
|    2 | 李四   |
|    3 | 王五   |
|    4 | 赵六   |
|    5 | 刘能   |
|    6 | NULL   |
|    7 | NULL   |
|    8 | NULL   |
+------+--------+
8 rows in set (0.00 sec)
```

#### 1.2 根据`name`更改`id`
> `update t3 set id=9 where name='张三';`
```
mysql> update t3 set id=9 where name='张三';
Query OK, 1 row affected (0.00 sec)
Rows matched: 1  Changed: 1  Warnings: 0

mysql> select id,name from t3;
+------+--------+
| id   | name   |
+------+--------+
|    9 | 张三   |
|    2 | 李四   |
|    3 | 王五   |
|    4 | 赵六   |
|    5 | 刘能   |
|    6 | NULL   |
|    7 | NULL   |
|    8 | NULL   |
+------+--------+
8 rows in set (0.00 sec)
```

### 2.`delete/truncate`删除和清空表

#### 2.1 删除Mysql中的匿名用户
> `delete from user where user='';`
```
mysql> delete from user where user='';
Query OK, 2 rows affected (0.00 sec)

mysql> select user,host from user;
+------+-----------+
| user | host      |
+------+-----------+
| root | 127.0.0.1 |
| root | ::1       |
| root | centos02  |
| root | localhost |
+------+-----------+
4 rows in set (0.00 sec)

mysql> flush privileges;
Query OK, 0 rows affected (0.00 sec)
```

#### 2.2 复制`t3`表结构和数据到`t4`表

##### 2.2.1 复制`t3`表结构到`t4`
> `create table t4 like t3;`
```
mysql> show tables;
+------------------+
| Tables_in_ceshi1 |
+------------------+
| t04              |
| t1               |
| t20              |
| t3               |
+------------------+
4 rows in set (0.00 sec)

mysql> create table t4 like t3;
Query OK, 0 rows affected (0.01 sec)

mysql> desc t4;
+-------+-------------+------+-----+---------+-------+
| Field | Type        | Null | Key | Default | Extra |
+-------+-------------+------+-----+---------+-------+
| id    | int(11)     | YES  |     | NULL    |       |
| name  | varchar(50) | YES  |     | NULL    |       |
+-------+-------------+------+-----+---------+-------+
2 rows in set (0.00 sec)
```

##### 2.2.2 复制`t3`表数据到`t4`
> `insert into t4 select id,name from t3;`
```
mysql> select id,name from t4;
Empty set (0.00 sec)

mysql> insert into t4 select id,name from t3;
Query OK, 8 rows affected (0.01 sec)
Records: 8  Duplicates: 0  Warnings: 0

mysql> select id,name from t4;
+------+--------+
| id   | name   |
+------+--------+
|    9 | 张三   |
|    2 | 李四   |
|    3 | 王五   |
|    4 | 赵六   |
|    5 | 刘能   |
|    6 | NULL   |
|    7 | NULL   |
|    8 | NULL   |
+------+--------+
8 rows in set (0.00 sec)
```

#### 2.3 删除整个表,一行一行删除,所有的操作都会被记录至事务日志中
> `delete from 表名;`
```
mysql> delete from t4;
Query OK, 8 rows affected (0.01 sec)

mysql> select * from t4;
Empty set (0.00 sec)

mysql> show tables;
+------------------+
| Tables_in_ceshi1 |
+------------------+
| t04              |
| t1               |
| t20              |
| t3               |
| t4               |
+------------------+
5 rows in set (0.00 sec)
```

#### 2.4 指定条件删除
> `delete from t4 where id=9;`
```
mysql> insert into t4 select id,name from t3;
Query OK, 8 rows affected (0.00 sec)
Records: 8  Duplicates: 0  Warnings: 0

mysql> select * from t4;
+------+--------+
| id   | name   |
+------+--------+
|    9 | 张三   |
|    2 | 李四   |
|    3 | 王五   |
|    4 | 赵六   |
|    5 | 刘能   |
|    6 | NULL   |
|    7 | NULL   |
|    8 | NULL   |
+------+--------+
8 rows in set (0.00 sec)

mysql> delete from t4 where id=9;
Query OK, 1 row affected (0.01 sec)

mysql> select id,name from t4;
+------+--------+
| id   | name   |
+------+--------+
|    2 | 李四   |
|    3 | 王五   |
|    4 | 赵六   |
|    5 | 刘能   |
|    6 | NULL   |
|    7 | NULL   |
|    8 | NULL   |
+------+--------+
7 rows in set (0.00 sec)
```

#### 2.4 `truncate`删除指定条件数据
> `truncate from t4 where id=6;`  报错
```
mysql> select id,name from t4;
+------+--------+
| id   | name   |
+------+--------+
|    2 | 李四   |
|    3 | 王五   |
|    4 | 赵六   |
|    5 | 刘能   |
|    6 | NULL   |
|    7 | NULL   |
|    8 | NULL   |
+------+--------+
7 rows in set (0.00 sec)

mysql> truncate from t4 where id=6;
ERROR 1064 (42000): You have an error in your SQL syntax; check the manual that corresponds to your MySQL server version for the right syntax to use near 'from t4 where id=6' at line 1
```

#### 2.5 `truncate`一次性全部删除,`不会被记录至事务日志中(不建议生产环境中使用)`
> `truncate 表名;`
```
mysql> truncate t4;
Query OK, 0 rows affected (0.01 sec)

mysql> select * from t4;
Empty set (0.00 sec)

mysql> show tables;
+------------------+
| Tables_in_ceshi1 |
+------------------+
| t04              |
| t1               |
| t20              |
| t3               |
| t4               |
+------------------+
5 rows in set (0.00 sec)
```