### 【mysql】mysql(查询语句通配符排序聚合)[链接](https://www.jianshu.com/p/3ce2245bafae)

### 1.`select` 查询语句
* 通配符
    * `%`：匹配0个或任意多个字符
    * `_`：匹配一个字符
    * `=`：精确匹配
    * `like`：模糊匹配
    * `regexp`正则表达式来匹配：
        * `^`： 以xx开始
        * `.`： 任意字符
        * `.*`：匹配任意0个或者多个字符
* 排序
    * `order by`
        * `asc`：升序排列结果
        * `desc`: 降序排列结果
    * `group by`: 聚合

#### 1.1 通配符
> 原始数据
```
mysql> select * from t3;
+------+-----------+
| id   | name      |
+------+-----------+
|    1 | 张三      |
|    2 | 李四      |
|    3 | 王五      |
|    4 | 赵六      |
|    5 | 刘能      |
|    6 | 张无忌    |
|    7 | 李世民    |
|    8 | 鸣人      |
|    9 | NULL      |
|   10 | NULL      |
|   11 | NULL      |
+------+-----------+
11 rows in set (0.00 sec)
```

##### 1.1.1  `%`：匹配0个或任意多个字符
> `select id,name from t3 where name like '%';`
```
mysql> select id,name from t3 where name like '%';
+------+-----------+
| id   | name      |
+------+-----------+
|    1 | 张三      |
|    2 | 李四      |
|    3 | 王五      |
|    4 | 赵六      |
|    5 | 刘能      |
|    6 | 张无忌    |
|    7 | 李世民    |
|    8 | 鸣人      |
+------+-----------+
8 rows in set (0.00 sec)
```

##### 1.1.2  `_`：匹配一个字符
> `select id,name from t3 where name like '张_';`
```
mysql> select id,name from t3 where name like '张_';
+------+--------+
| id   | name   |
+------+--------+
|    1 | 张三   |
+------+--------+
1 row in set (0.00 sec)

mysql> select id,name from t3 where name like '张%';
+------+-----------+
| id   | name      |
+------+-----------+
|    1 | 张三      |
|    6 | 张无忌    |
+------+-----------+
2 rows in set (0.00 sec)
```

##### 1.1.3 `=`：精确匹配
> `select id,name from t3 where name='鸣人';`
```
mysql> select id,name from t3 where name='鸣人';
+------+--------+
| id   | name   |
+------+--------+
|    8 | 鸣人   |
+------+--------+
1 row in set (0.00 sec)
```

##### 1.1.4 `like`：模糊匹配
> name由三个字符组成：`select id,name from t3 where name like '___';`
```
mysql> select id,name from t3 where name like '___';
+------+-----------+
| id   | name      |
+------+-----------+
|    6 | 张无忌    |
|    7 | 李世民    |
+------+-----------+
2 rows in set (0.00 sec)
```

##### 1.1.5 `regexp`正则表达式`^`： 以xx开始
> `select id,name from t3 where name regexp '^李';`
```
mysql> select id,name from t3 where name regexp '^李';
+------+-----------+
| id   | name      |
+------+-----------+
|    2 | 李四      |
|    7 | 李世民    |
+------+-----------+
2 rows in set (0.00 sec)
```

##### 1.1.6 `regexp`正则表达式`.`： 任意字符
> `select id,name from t3 where name regexp '.';`
```
mysql> select id,name from t3 where name regexp '.';
+------+-----------+
| id   | name      |
+------+-----------+
|    1 | 张三      |
|    2 | 李四      |
|    3 | 王五      |
|    4 | 赵六      |
|    5 | 刘能      |
|    6 | 张无忌    |
|    7 | 李世民    |
|    8 | 鸣人      |
+------+-----------+
8 rows in set (0.00 sec)
```

##### 1.1.7 `regexp`正则表达式 `.*`：匹配任意0个或者多个字符
> `select id,name from t3 where name regexp '赵.*';`
```
mysql> select id,name from t3 where name regexp '赵.*';
+------+--------+
| id   | name   |
+------+--------+
|    4 | 赵六   |
+------+--------+
1 row in set (0.00 sec)
```

#### 1.2 排序

##### 1.2.1 `order by asc`：升序排列结果
> `select id,name from t3 where name like '%' order by id asc;`
```
mysql> select id,name from t3 where name like '%' order by id asc;
+------+-----------+
| id   | name      |
+------+-----------+
|    1 | 张三      |
|    2 | 李四      |
|    3 | 王五      |
|    4 | 赵六      |
|    5 | 刘能      |
|    6 | 张无忌    |
|    7 | 李世民    |
|    8 | 鸣人      |
+------+-----------+
8 rows in set (0.00 sec)
```

##### 1.2.2 `order by desc`：降序排列结果
> `select id,name from t3 where name like '%' order by id desc;`
```
mysql> select id,name from t3 where name like '%' order by id desc;
+------+-----------+
| id   | name      |
+------+-----------+
|    8 | 鸣人      |
|    7 | 李世民    |
|    6 | 张无忌    |
|    5 | 刘能      |
|    4 | 赵六      |
|    3 | 王五      |
|    2 | 李四      |
|    1 | 张三      |
+------+-----------+
8 rows in set (0.00 sec)
```

### 2.聚合函数
|函数 | 作用 |
|-----------|---------|
| COUNT | 计算表中的记录（行数） |
| SUM | 计算表中数值列的数据合计值|
| AVG | 计算表中数值列的数据平均值 |
| MAX | 求出表中任意列中数据的最大值|
| MIN |求出表中任意列中数据的最小值|
> 原始数据
```
mysql> select * from t3;
+------+-----------+
| id   | name      |
+------+-----------+
|    1 | 张三      |
|    2 | 李四      |
|    3 | 王五      |
|    4 | 赵六      |
|    5 | 刘能      |
|    6 | 张无忌    |
|    7 | 李世民    |
|    8 | 鸣人      |
|    9 | NULL      |
|   10 | NULL      |
|   11 | NULL      |
+------+-----------+
11 rows in set (0.00 sec)
```

#### 2.1 `COUNT`: 计算表中的记录（行数）
> `select count(*) from t3;`
```
mysql> select count(*) from t3;
+----------+
| count(*) |
+----------+
|       11 |
+----------+
1 row in set (0.00 sec)

mysql> select count(*) from t3 where name regexp '.*';
+----------+
| count(*) |
+----------+
|        8 |
+----------+
1 row in set (0.00 sec)
```

#### 2.2 `SUM`: 计算表中数值列的数据合计值
> `select sum(id) from t3 where name like '%';`
```
mysql> select sum(id) from t3 where name like '%';
+---------+
| sum(id) |
+---------+
|      36 |
+---------+
1 row in set (0.01 sec)
```

#### 2.3 `AVG`: 计算表中数值列的数据平均值
> `select avg(id) from t3 where name like '%';`
```
mysql> select avg(id) from t3 where name like '%';
+---------+
| avg(id) |
+---------+
|  4.5000 |
+---------+
1 row in set (0.00 sec)
```

#### 2.4 `MAX`: 求出表中任意列中数据的最大值
> `select max(id) from t3 where name like '%';`
```
mysql> select max(id) from t3 where name like '%';
+---------+
| max(id) |
+---------+
|       8 |
+---------+
1 row in set (0.00 sec)
```

#### 2.5 `MIN`: 求出表中任意列中数据的最小值
> `select min(id) from t3 where name like '%';`
```
mysql> select min(id) from t3 where name like '%';
+---------+
| min(id) |
+---------+
|       1 |
+---------+
1 row in set (0.00 sec)
```

### 3.聚合函数 -- 应用
> 原始数据
```
mysql> create table ceshi1.t5(id int ,name varchar(50) ,math tinyint, english tinyint);
Query OK, 0 rows affected (0.01 sec)

mysql> desc t5
    -> ;
+---------+-------------+------+-----+---------+-------+
| Field   | Type        | Null | Key | Default | Extra |
+---------+-------------+------+-----+---------+-------+
| id      | int(11)     | YES  |     | NULL    |       |
| name    | varchar(50) | YES  |     | NULL    |       |
| math    | tinyint(4)  | YES  |     | NULL    |       |
| english | tinyint(4)  | YES  |     | NULL    |       |
+---------+-------------+------+-----+---------+-------+
4 rows in set (0.00 sec)
mysql> insert into ceshi1.t5 set id=2,name='lisi',math=66,english=77;
Query OK, 1 row affected (0.01 sec)

mysql> insert into ceshi1.t5 set id=3,name='wangwu',math=65,english=30;
Query OK, 1 row affected (0.01 sec)

mysql> insert into ceshi1.t5 set id=2,name='li04',math=88,english=99;
Query OK, 1 row affected (0.00 sec)

mysql> insert into ceshi1.t5 set id=3,name='wang5',math=75,english=73;
Query OK, 1 row affected (0.01 sec)

mysql> insert into ceshi1.t5 set id=4,name='zhao6',math=75,english=73;
Query OK, 1 row affected (0.00 sec)

mysql> insert into ceshi1.t5 set id=5,name='liu3',math=85,english=43;
Query OK, 1 row affected (0.00 sec)

mysql> select * from t5;
+------+----------+------+---------+
| id   | name     | math | english |
+------+----------+------+---------+
|    1 | zhangsan |   55 |      66 |
|    2 | lisi     |   66 |      77 |
|    3 | wangwu   |   65 |      30 |
|    2 | li04     |   88 |      99 |
|    3 | wang5    |   75 |      73 |
|    4 | zhao6    |   75 |      73 |
|    5 | liu3     |   85 |      43 |
+------+----------+------+---------+
7 rows in set (0.00 sec)
```

#### 3.1 查询表中所有的列对应的值（全表扫描）
> `select * from t5;`
```
mysql> select * from t5;
+------+----------+------+---------+
| id   | name     | math | english |
+------+----------+------+---------+
|    1 | zhangsan |   55 |      66 |
|    2 | lisi     |   66 |      77 |
|    3 | wangwu   |   65 |      30 |
|    2 | li04     |   88 |      99 |
|    3 | wang5    |   75 |      73 |
|    4 | zhao6    |   75 |      73 |
|    5 | liu3     |   85 |      43 |
+------+----------+------+---------+
7 rows in set (0.00 sec)
```

#### 3.2 查询表中指定列
> `select name,math,english from t5;`
```
mysql> select name,math,english from t5;
+----------+------+---------+
| name     | math | english |
+----------+------+---------+
| zhangsan |   55 |      66 |
| lisi     |   66 |      77 |
| wangwu   |   65 |      30 |
| li04     |   88 |      99 |
| wang5    |   75 |      73 |
| zhao6    |   75 |      73 |
| liu3     |   85 |      43 |
+----------+------+---------+
7 rows in set (0.00 sec)
```

#### 3.3 模糊匹配包含`i`的
> `select id,name,math,english from t5 where name like '%i%';`
```
mysql> select id,name,math,english from t5 where name like '%i%';
+------+------+------+---------+
| id   | name | math | english |
+------+------+------+---------+
|    2 | lisi |   66 |      77 |
|    2 | li04 |   88 |      99 |
|    5 | liu3 |   85 |      43 |
+------+------+------+---------+
3 rows in set (0.00 sec)
```

#### 3.4 精确匹配
* `select id,name,math,english from t5 where id=2;`
* `select id,name,math,english from t5 where name='wangwu';`
* `select id,name,math,english from t5 where english < 60;`
```
mysql> select id,name,math,english from t5 where id=2;
+------+------+------+---------+
| id   | name | math | english |
+------+------+------+---------+
|    2 | lisi |   66 |      77 |
|    2 | li04 |   88 |      99 |
+------+------+------+---------+
2 rows in set (0.00 sec)

mysql> select id,name,math,english from t5 where name='wangwu';
+------+--------+------+---------+
| id   | name   | math | english |
+------+--------+------+---------+
|    3 | wangwu |   65 |      30 |
+------+--------+------+---------+
1 row in set (0.00 sec)

mysql> select id,name,math,english from t5 where english < 60;
+------+--------+------+---------+
| id   | name   | math | english |
+------+--------+------+---------+
|    3 | wangwu |   65 |      30 |
|    5 | liu3   |   85 |      43 |
+------+--------+------+---------+
2 rows in set (0.00 sec)
```

#### 3.5 支持正则表达式
* 匹配`name`中`最低0次，最多1次含0-9`的项：`select id,name,math,english from t5 where name regexp '.*[0-9]?.*';`
* 匹配`name`中`最少1次，多了不限含0-9`的项：`select id,name,math,english from t5 where name regexp '.*[0-9]+.*';`
* 匹配`name`中`仅含2位0-9的项`的项：`select id,name,math,english from t5 where name regexp '.*[0-9]{2}.*';`
```
mysql> select id,name,math,english from t5 where name regexp '.*[0-9]?.*';
+------+----------+------+---------+
| id   | name     | math | english |
+------+----------+------+---------+
|    1 | zhangsan |   55 |      66 |
|    2 | lisi     |   66 |      77 |
|    3 | wangwu   |   65 |      30 |
|    2 | li04     |   88 |      99 |
|    3 | wang5    |   75 |      73 |
|    4 | zhao6    |   75 |      73 |
|    5 | liu3     |   85 |      43 |
+------+----------+------+---------+
7 rows in set (0.00 sec)

mysql> select id,name,math,english from t5 where name regexp '.*[0-9]+.*';
+------+-------+------+---------+
| id   | name  | math | english |
+------+-------+------+---------+
|    2 | li04  |   88 |      99 |
|    3 | wang5 |   75 |      73 |
|    4 | zhao6 |   75 |      73 |
|    5 | liu3  |   85 |      43 |
+------+-------+------+---------+
4 rows in set (0.00 sec)

mysql> select id,name,math,english from t5 where name regexp '.*[0-9]{2}.*';
+------+------+------+---------+
| id   | name | math | english |
+------+------+------+---------+
|    2 | li04 |   88 |      99 |
+------+------+------+---------+
1 row in set (0.00 sec)
```

#### 3.6 排序
* 升序: `select id,name,math,english from t5 where name regexp '.*[0-9]?.*' order by id asc;`
* 降序: `select id,name,math,english from t5 where name regexp '.*[0-9]?.*' order by id desc;`
```
mysql> select id,name,math,english from t5 where name regexp '.*[0-9]?.*' order by id asc;
+------+----------+------+---------+
| id   | name     | math | english |
+------+----------+------+---------+
|    1 | zhangsan |   55 |      66 |
|    2 | lisi     |   66 |      77 |
|    2 | li04     |   88 |      99 |
|    3 | wangwu   |   65 |      30 |
|    3 | wang5    |   75 |      73 |
|    4 | zhao6    |   75 |      73 |
|    5 | liu3     |   85 |      43 |
+------+----------+------+---------+
7 rows in set (0.00 sec)

mysql> select id,name,math,english from t5 where name regexp '.*[0-9]?.*' order by id desc;
+------+----------+------+---------+
| id   | name     | math | english |
+------+----------+------+---------+
|    5 | liu3     |   85 |      43 |
|    4 | zhao6    |   75 |      73 |
|    3 | wangwu   |   65 |      30 |
|    3 | wang5    |   75 |      73 |
|    2 | lisi     |   66 |      77 |
|    2 | li04     |   88 |      99 |
|    1 | zhangsan |   55 |      66 |
+------+----------+------+---------+
7 rows in set (0.00 sec)
```

#### 3.7 去除重复行`distinct`
> `select distinct id from t5;`
```
mysql> select distinct id from t5;
+------+
| id   |
+------+
|    1 |
|    2 |
|    3 |
|    4 |
|    5 |
+------+
5 rows in set (0.01 sec)
```

#### 3.8 聚合`group by`: 聚合以第一个为标准
> `select id,name,math,english from t5 group by id;`
```
mysql> select id,name,math,english from t5;
+------+----------+------+---------+
| id   | name     | math | english |
+------+----------+------+---------+
|    1 | zhangsan |   55 |      66 |
|    2 | lisi     |   66 |      77 |
|    3 | wangwu   |   65 |      30 |
|    2 | li04     |   88 |      99 |
|    3 | wang5    |   75 |      73 |
|    4 | zhao6    |   75 |      73 |
|    5 | liu3     |   85 |      43 |
+------+----------+------+---------+
7 rows in set (0.00 sec)

mysql> select id,name,math,english from t5 group by id;
+------+----------+------+---------+
| id   | name     | math | english |
+------+----------+------+---------+
|    1 | zhangsan |   55 |      66 |
|    2 | lisi     |   66 |      77 |
|    3 | wangwu   |   65 |      30 |
|    4 | zhao6    |   75 |      73 |
|    5 | liu3     |   85 |      43 |
+------+----------+------+---------+
5 rows in set (0.00 sec)
```

#### 3.9 `group by`不能用`where语句`，用`having语句`
> `select id,name,math,english from t5 group by id having math >= 60;`
```
mysql> select id,name,math,english from t5 group by id;
+------+----------+------+---------+
| id   | name     | math | english |
+------+----------+------+---------+
|    1 | zhangsan |   55 |      66 |
|    2 | lisi     |   66 |      77 |
|    3 | wangwu   |   65 |      30 |
|    4 | zhao6    |   75 |      73 |
|    5 | liu3     |   85 |      43 |
+------+----------+------+---------+
5 rows in set (0.00 sec)

mysql> select id,name,math,english from t5 group by id having math >= 60;
+------+--------+------+---------+
| id   | name   | math | english |
+------+--------+------+---------+
|    2 | lisi   |   66 |      77 |
|    3 | wangwu |   65 |      30 |
|    4 | zhao6  |   75 |      73 |
|    5 | liu3   |   85 |      43 |
+------+--------+------+---------+
4 rows in set (0.00 sec)
```

### 4.分页函数`limit`：指定只显示前几条数据
> `原始数据`
```
mysql> select * from t5;
+------+----------+------+---------+
| id   | name     | math | english |
+------+----------+------+---------+
|    1 | zhangsan |   55 |      66 |
|    2 | lisi     |   66 |      77 |
|    3 | wangwu   |   65 |      30 |
|    2 | li04     |   88 |      99 |
|    3 | wang5    |   75 |      73 |
|    4 | zhao6    |   75 |      73 |
|    5 | liu3     |   85 |      43 |
+------+----------+------+---------+
7 rows in set (0.00 sec)
```

#### 4.1 显示前10行
> `select id,name,math,english from t5 limit 10;`
```
mysql> select id,name,math,english from t5 limit 10;
+------+----------+------+---------+
| id   | name     | math | english |
+------+----------+------+---------+
|    1 | zhangsan |   55 |      66 |
|    2 | lisi     |   66 |      77 |
|    3 | wangwu   |   65 |      30 |
|    2 | li04     |   88 |      99 |
|    3 | wang5    |   75 |      73 |
|    4 | zhao6    |   75 |      73 |
|    5 | liu3     |   85 |      43 |
+------+----------+------+---------+
7 rows in set (0.00 sec)
```

#### 4.2 显示5-10行
> `select id,name,math,english from t5 limit 5,5;`
```
mysql> select id,name,math,english from t5 limit 0,5;
+------+----------+------+---------+
| id   | name     | math | english |
+------+----------+------+---------+
|    1 | zhangsan |   55 |      66 |
|    2 | lisi     |   66 |      77 |
|    3 | wangwu   |   65 |      30 |
|    2 | li04     |   88 |      99 |
|    3 | wang5    |   75 |      73 |
+------+----------+------+---------+
5 rows in set (0.00 sec)

mysql> select id,name,math,english from t5 limit 5,5;
+------+-------+------+---------+
| id   | name  | math | english |
+------+-------+------+---------+
|    4 | zhao6 |   75 |      73 |
|    5 | liu3  |   85 |      43 |
+------+-------+------+---------+
2 rows in set (0.00 sec)
```

#### 4.3 显示第1行
> `select id,name,math,english from t5 limit 1;`
```
mysql> select id,name,math,english from t5 limit 1;
+------+----------+------+---------+
| id   | name     | math | english |
+------+----------+------+---------+
|    1 | zhangsan |   55 |      66 |
+------+----------+------+---------+
1 row in set (0.00 sec)
```

#### 4.4 显示第1,2行
> start: 起始位置; step: 偏移量
> 
> `select id,name,math,english from t5 limit 0,2;`
```
mysql> select id,name,math,english from t5 limit 0,2;
+------+----------+------+---------+
| id   | name     | math | english |
+------+----------+------+---------+
|    1 | zhangsan |   55 |      66 |
|    2 | lisi     |   66 |      77 |
+------+----------+------+---------+
2 rows in set (0.00 sec)
```

#### 4.5 显示3,4行
> start: 起始位置; step: 偏移量
> 
> `select id,name,math,english from t5 limit 2,2;`
```
mysql> select id,name,math,english from t5 limit 2,2;
+------+--------+------+---------+
| id   | name   | math | english |
+------+--------+------+---------+
|    3 | wangwu |   65 |      30 |
|    2 | li04   |   88 |      99 |
+------+--------+------+---------+
2 rows in set (0.00 sec)
```

#### 4.5 显示5,6行
> start: 起始位置; step: 偏移量
> 
> `select id,name,math,english from t5 limit 4,2;`
```
mysql> select id,name,math,english from t5 limit 4,2;
+------+-------+------+---------+
| id   | name  | math | english |
+------+-------+------+---------+
|    3 | wang5 |   75 |      73 |
|    4 | zhao6 |   75 |      73 |
+------+-------+------+---------+
2 rows in set (0.00 sec)
```

#### 4.5 显示第7行
> start: 起始位置; step: 偏移量
> 
> `select id,name,math,english from t5 limit 6,1;`
```
mysql> select id,name,math,english from t5 limit 6,1;
+------+------+------+---------+
| id   | name | math | english |
+------+------+------+---------+
|    5 | liu3 |   85 |      43 |
+------+------+------+---------+
1 row in set (0.00 sec)
```

### 5.扩展语句
> 原始数据
```
mysql> select id,name,math,english, (math+english) as total from t5;
+------+----------+------+---------+-------+
| id   | name     | math | english | total |
+------+----------+------+---------+-------+
|    1 | zhangsan |   55 |      66 |   121 |
|    2 | lisi     |   66 |      77 |   143 |
|    3 | wangwu   |   65 |      30 |    95 |
|    2 | li04     |   88 |      99 |   187 |
|    3 | wang5    |   75 |      73 |   148 |
|    4 | zhao6    |   75 |      73 |   148 |
|    5 | liu3     |   85 |      43 |   128 |
+------+----------+------+---------+-------+
7 rows in set (0.00 sec)
```

#### 5.1 显示英语前三名
> `select id,name,english from t5 order by english desc limit 3;`
```
mysql> select id,name,english from t5 order by english desc;
+------+----------+---------+
| id   | name     | english |
+------+----------+---------+
|    2 | li04     |      99 |
|    2 | lisi     |      77 |
|    3 | wang5    |      73 |
|    4 | zhao6    |      73 |
|    1 | zhangsan |      66 |
|    5 | liu3     |      43 |
|    3 | wangwu   |      30 |
+------+----------+---------+
7 rows in set (0.00 sec)

mysql> select id,name,english from t5 order by english desc limit 3;
+------+-------+---------+
| id   | name  | english |
+------+-------+---------+
|    2 | li04  |      99 |
|    2 | lisi  |      77 |
|    3 | wang5 |      73 |
+------+-------+---------+
3 rows in set (0.00 sec)
```

#### 5.2 显示总分，以降序排列
> `select id,name,math,english,(math+english) as total from t5 order by total desc;`
```
mysql> select id,name,math,english,(math+english) as total from t5;
+------+----------+------+---------+-------+
| id   | name     | math | english | total |
+------+----------+------+---------+-------+
|    1 | zhangsan |   55 |      66 |   121 |
|    2 | lisi     |   66 |      77 |   143 |
|    3 | wangwu   |   65 |      30 |    95 |
|    2 | li04     |   88 |      99 |   187 |
|    3 | wang5    |   75 |      73 |   148 |
|    4 | zhao6    |   75 |      73 |   148 |
|    5 | liu3     |   85 |      43 |   128 |
+------+----------+------+---------+-------+
7 rows in set (0.01 sec)

mysql> select id,name,math,english,(math+english) as total from t5 order by total desc;
+------+----------+------+---------+-------+
| id   | name     | math | english | total |
+------+----------+------+---------+-------+
|    2 | li04     |   88 |      99 |   187 |
|    3 | wang5    |   75 |      73 |   148 |
|    4 | zhao6    |   75 |      73 |   148 |
|    2 | lisi     |   66 |      77 |   143 |
|    5 | liu3     |   85 |      43 |   128 |
|    1 | zhangsan |   55 |      66 |   121 |
|    3 | wangwu   |   65 |      30 |    95 |
+------+----------+------+---------+-------+
7 rows in set (0.00 sec)
```

#### 5.3 显示总分第一名
* `select id,name,math,english,(math+english) as total from t5 order by total desc limit 1;`
```
mysql> select id,name,math,english,(math+english) as total from t5 order by total desc limit 1;
+------+------+------+---------+-------+
| id   | name | math | english | total |
+------+------+------+---------+-------+
|    2 | li04 |   88 |      99 |   187 |
+------+------+------+---------+-------+
1 row in set (0.00 sec)
```

#### 5.4 显示英语的最高分
* ` select id,name,math,english from t5 order by english desc limit 1;`
* `select id,name,math,english from t5 where english in (select max(english) from t5);`
```
mysql> select id,name,math,english from t5 order by english desc limit 1;
+------+------+------+---------+
| id   | name | math | english |
+------+------+------+---------+
|    2 | li04 |   88 |      99 |
+------+------+------+---------+
1 row in set (0.00 sec)

mysql> select id,name,math,english from t5 where english in (select max(english) from t5);
+------+------+------+---------+
| id   | name | math | english |
+------+------+------+---------+
|    2 | li04 |   88 |      99 |
+------+------+------+---------+
1 row in set (0.01 sec)
```

#### 5.4 显示英语的最低分
* `select id,name,math,english from t5 order by english asc limit 1;`
* `select id,name,math,english from t5 where english in (select min(english) from t5);`
```
mysql> select id,name,math,english from t5 order by english asc limit 1;
+------+--------+------+---------+
| id   | name   | math | english |
+------+--------+------+---------+
|    3 | wangwu |   65 |      30 |
+------+--------+------+---------+
1 row in set (0.00 sec)

mysql> select id,name,math,english from t5 where english in (select min(english) from t5);
+------+--------+------+---------+
| id   | name   | math | english |
+------+--------+------+---------+
|    3 | wangwu |   65 |      30 |
+------+--------+------+---------+
1 row in set (0.00 sec)
```