### 【mysql】mysql(查询语句聚合子查询逻辑判断)[链接](https://www.jianshu.com/p/3ce2245bafae)

### 1.`and or not`逻辑运算
> 原始数据
```
mysql> select id,name,math,english, (math+english) as total from t5;
+------+----------+------+---------+-------+
| id   | name     | math | english | total |
+------+----------+------+---------+-------+
|    1 | zhangsan |   55 |      66 |   121 |
|    2 | lisi     |   66 |      77 |   143 |
|    3 | wangwu   |   65 |      30 |    95 |
|    2 | li04     |   88 |      99 |   187 |
|    3 | wang5    |   75 |      73 |   148 |
|    4 | zhao6    |   75 |      73 |   148 |
|    5 | liu3     |   85 |      43 |   128 |
+------+----------+------+---------+-------+
7 rows in set (0.00 sec)
```

#### 1.1 英语、数学成绩都大等于60分
> `select id,name,math,english from t5 where math >= 60 and english >= 60;`
```
mysql> select id,name,math,english from t5 where math >= 60 and english >= 60;
+------+-------+------+---------+
| id   | name  | math | english |
+------+-------+------+---------+
|    2 | lisi  |   66 |      77 |
|    2 | li04  |   88 |      99 |
|    3 | wang5 |   75 |      73 |
|    4 | zhao6 |   75 |      73 |
+------+-------+------+---------+
4 rows in set (0.00 sec)
```

#### 1.2 英语或数学成绩大等于60分
> `select id,name,math,english from t5 where math >= 60 or english >= 60;`
```
mysql> select id,name,math,english from t5 where math >= 60 or english >= 60;
+------+----------+------+---------+
| id   | name     | math | english |
+------+----------+------+---------+
|    1 | zhangsan |   55 |      66 |
|    2 | lisi     |   66 |      77 |
|    3 | wangwu   |   65 |      30 |
|    2 | li04     |   88 |      99 |
|    3 | wang5    |   75 |      73 |
|    4 | zhao6    |   75 |      73 |
|    5 | liu3     |   85 |      43 |
+------+----------+------+---------+
7 rows in set (0.00 sec)
```

#### 1.3 数学成绩大于60分，英语成绩小于60分
> `select id,name,math,english from t5 where math >= 60 and not english >= 60;`
```
mysql> select id,name,math,english from t5 where math >= 60 and not english >= 60;
+------+--------+------+---------+
| id   | name   | math | english |
+------+--------+------+---------+
|    3 | wangwu |   65 |      30 |
|    5 | liu3   |   85 |      43 |
+------+--------+------+---------+
2 rows in set (0.00 sec)
```

### 2.Mysql常用函数`sum() avg() max() min() count()`

#### 2.1 sum()
> `select sum(math),sum(english) from t5;`
```
mysql> select sum(math),sum(english) from t5;
+-----------+--------------+
| sum(math) | sum(english) |
+-----------+--------------+
|       509 |          461 |
+-----------+--------------+
1 row in set (0.00 sec)
```

#### 2.2 avg()
> `select avg(math),avg(english) from t5;`
```
mysql> select avg(math),avg(english) from t5;
+-----------+--------------+
| avg(math) | avg(english) |
+-----------+--------------+
|   72.7143 |      65.8571 |
+-----------+--------------+
1 row in set (0.00 sec)
```

#### 2.3 max()
> `select max(english) from t5;`
```
mysql> select max(english) from t5;
+--------------+
| max(english) |
+--------------+
|           99 |
+--------------+
1 row in set (0.00 sec)
```

#### 2.4 min()
> `select min(english) from t5;`
```
mysql> select min(english) from t5;
+--------------+
| min(english) |
+--------------+
|           30 |
+--------------+
1 row in set (0.00 sec)
```

#### 2.5 count()
> `select count(*) from t5;`
```
mysql> select count(*) from t5;
+----------+
| count(*) |
+----------+
|        7 |
+----------+
1 row in set (0.00 sec)
```

#### 2.6 `english`最高分差
> `select max(english) - min(english) from t5;`
```
mysql> select max(english) - min(english) from t5;
+-----------------------------+
| max(english) - min(english) |
+-----------------------------+
|                          69 |
+-----------------------------+
1 row in set (0.00 sec)

mysql> select max(english) - min(english) as diff from t5;
+------+
| diff |
+------+
|   69 |
+------+
1 row in set (0.00 sec)
```

#### 2.7 英语成绩前3名
> `select id,name,math,english from t5 order by english desc limit 3;`
```
mysql> select id,name,math,english from t5 order by english desc limit 3;
+------+-------+------+---------+
| id   | name  | math | english |
+------+-------+------+---------+
|    2 | li04  |   88 |      99 |
|    2 | lisi  |   66 |      77 |
|    3 | wang5 |   75 |      73 |
+------+-------+------+---------+
3 rows in set (0.00 sec)
```

#### 2.8 英语成绩第2、3名
> `select id,name,math,english from t5 order by english desc limit 1,2;`
```
mysql> select id,name,math,english from t5 order by english desc limit 1,2;
+------+-------+------+---------+
| id   | name  | math | english |
+------+-------+------+---------+
|    2 | lisi  |   66 |      77 |
|    3 | wang5 |   75 |      73 |
+------+-------+------+---------+
2 rows in set (0.00 sec)
```

#### 2.9 显示英语的最高分
* `select id,name,math,english from t5 order by english desc limit 1;`
* `select id,name,math,english from t5 where english in (select max(english) from t5);`
```
mysql> select id,name,math,english from t5 order by english desc limit 1;
+------+------+------+---------+
| id   | name | math | english |
+------+------+------+---------+
|    2 | li04 |   88 |      99 |
+------+------+------+---------+
1 row in set (0.00 sec)

mysql> select id,name,math,english from t5 where english in (select max(english) from t5);
+------+------+------+---------+
| id   | name | math | english |
+------+------+------+---------+
|    2 | li04 |   88 |      99 |
+------+------+------+---------+
1 row in set (0.01 sec)
```

#### 2.10 显示英语的最低分
* `select id,name,math,english from t5 order by english asc limit 1;`
* `select id,name,math,english from t5 where english in (select min(english) from t5);`
```
mysql> select id,name,math,english from t5 order by english asc limit 1;
+------+--------+------+---------+
| id   | name   | math | english |
+------+--------+------+---------+
|    3 | wangwu |   65 |      30 |
+------+--------+------+---------+
1 row in set (0.00 sec)

mysql> select id,name,math,english from t5 where english in (select min(english) from t5);
+------+--------+------+---------+
| id   | name   | math | english |
+------+--------+------+---------+
|    3 | wangwu |   65 |      30 |
+------+--------+------+---------+
1 row in set (0.00 sec)
```

#### 2.11 显示总分第一名
> `select id,name,math,english,(math + english) as total from t5 order by total desc limit 1; `
```
mysql> select id,name,math,english,(math + english) as total from t5 order by total desc limit 1; 
+------+------+------+---------+-------+
| id   | name | math | english | total |
+------+------+------+---------+-------+
|    2 | li04 |   88 |      99 |   187 |
+------+------+------+---------+-------+
1 row in set (0.00 sec)
```