### 【mysql】mysql(表连接方式)[链接](https://www.jianshu.com/p/3ce2245bafae)

### 1.复制表的结构
> 表结构的复制

#### 1.1 复制表结构
> `create table t6 like t5;`
```
mysql> desc t5;
+---------+-------------+------+-----+---------+-------+
| Field   | Type        | Null | Key | Default | Extra |
+---------+-------------+------+-----+---------+-------+
| id      | int(11)     | YES  |     | NULL    |       |
| name    | varchar(50) | YES  |     | NULL    |       |
| math    | tinyint(4)  | YES  |     | NULL    |       |
| english | tinyint(4)  | YES  |     | NULL    |       |
+---------+-------------+------+-----+---------+-------+
4 rows in set (0.00 sec)

mysql> create table t6 like t5;
Query OK, 0 rows affected (0.02 sec)

mysql> desc t6;
+---------+-------------+------+-----+---------+-------+
| Field   | Type        | Null | Key | Default | Extra |
+---------+-------------+------+-----+---------+-------+
| id      | int(11)     | YES  |     | NULL    |       |
| name    | varchar(50) | YES  |     | NULL    |       |
| math    | tinyint(4)  | YES  |     | NULL    |       |
| english | tinyint(4)  | YES  |     | NULL    |       |
+---------+-------------+------+-----+---------+-------+
4 rows in set (0.00 sec)

```

### 2.复制表的结构---应用

#### 2.1 创建`db03`数据库后，往`t1、t2`表插入数据
* 1.`create database db03;`
* 2.`use db03;`
* 3.`create table t1(id int,name varchar(50));`
* 4.`create table t2(id int,socre int);`
* 5.插入数据
    ```
    insert into t1 set id=1,name='lee';
    insert into t1 set id=2,name='zhang';
    insert into t1 set id=4,name='wang';
    insert into t2 set id=1,socre='90';
    insert into t2 set id=2,socre='100';
    insert into t2 set id=3,socre='90';
    ```
```
mysql> create database db03;
Query OK, 1 row affected (0.00 sec)

mysql> show databases;
+--------------------+
| Database           |
+--------------------+
| information_schema |
| aaaa               |
| ceshi1             |
| db03               |
| mysql              |
| performance_schema |
+--------------------+
6 rows in set (0.00 sec)

mysql> use db03;
Database changed
mysql> create table t1(id int,name varchar(50));
Query OK, 0 rows affected (0.01 sec)

mysql> create table t2(id int,socre int);
Query OK, 0 rows affected (0.02 sec)

mysql> insert into t1 set id=1,name='lee';
Query OK, 1 row affected (0.01 sec)

mysql> insert into t1 set id=2,name='zhang';
Query OK, 1 row affected (0.01 sec)

mysql> insert into t1 set id=4,name='wang';
Query OK, 1 row affected (0.00 sec)

mysql> insert into t2 set id=1,socre='90';
Query OK, 1 row affected (0.00 sec)

mysql> insert into t2 set id=2,socre='100';
Query OK, 1 row affected (0.01 sec)

mysql> insert into t2 set id=3,socre='90';
Query OK, 1 row affected (0.01 sec)

mysql> select * from t1;
+------+-------+
| id   | name  |
+------+-------+
|    1 | lee   |
|    2 | zhang |
|    4 | wang  |
+------+-------+
3 rows in set (0.00 sec)

mysql> select * from t2;
+------+-------+
| id   | socre |
+------+-------+
|    1 |    90 |
|    2 |   100 |
|    3 |    90 |
+------+-------+
3 rows in set (0.00 sec)
```

#### 2.2 笛卡尔集，两张表的乘方
> `select * from t1,t2;`
```
mysql> select * from t1,t2;
+------+-------+------+-------+
| id   | name  | id   | socre |
+------+-------+------+-------+
|    1 | lee   |    1 |    90 |
|    2 | zhang |    1 |    90 |
|    4 | wang  |    1 |    90 |
|    1 | lee   |    2 |   100 |
|    2 | zhang |    2 |   100 |
|    4 | wang  |    2 |   100 |
|    1 | lee   |    3 |    90 |
|    2 | zhang |    3 |    90 |
|    4 | wang  |    3 |    90 |
+------+-------+------+-------+
9 rows in set (0.00 sec)
```

#### 2.3 创建`t3`表复制`t1`表结构及数据
* 1.`create table t3 like t1;`
* 2.`insert into t3 select * from t1;`
```
mysql> create table t3 like t1;
Query OK, 0 rows affected (0.02 sec)

mysql> desc t3;
+-------+-------------+------+-----+---------+-------+
| Field | Type        | Null | Key | Default | Extra |
+-------+-------------+------+-----+---------+-------+
| id    | int(11)     | YES  |     | NULL    |       |
| name  | varchar(50) | YES  |     | NULL    |       |
+-------+-------------+------+-----+---------+-------+
2 rows in set (0.00 sec)

mysql> insert into t3 select * from t1;
Query OK, 3 rows affected (0.00 sec)
Records: 3  Duplicates: 0  Warnings: 0

mysql> select * from t3;
+------+-------+
| id   | name  |
+------+-------+
|    1 | lee   |
|    2 | zhang |
|    4 | wang  |
+------+-------+
3 rows in set (0.00 sec)
```

#### 2.4 多表查询
> `select t1.id,t1.name,t2.socre from t1,t2 where t1.id = t2.id;`
```
mysql> select t1.id,t1.name,t2.socre from t1,t2 where t1.id = t2.id;
+------+-------+-------+
| id   | name  | socre |
+------+-------+-------+
|    1 | lee   |    90 |
|    2 | zhang |   100 |
+------+-------+-------+
2 rows in set (0.00 sec)
```

### 3.表的连接：纵向连接/内连接/左连接/右连接

#### 3.1 `union`: 纵向连接
> `select id,name from t1 union select id,socre from t2;`
```
mysql> select id,name from t1 union select id,socre from t2;
+------+-------+
| id   | name  |
+------+-------+
|    1 | lee   |
|    2 | zhang |
|    4 | wang  |
|    1 | 90    |
|    2 | 100   |
|    3 | 90    |
+------+-------+
6 rows in set (0.00 sec)
```

#### 3.2 `inner join 表名 on`: 内连接，取多表之间的交集。
> `select * from t1 inner join t2 on t1.id=t2.id;`
```
mysql> select * from t1 inner join t2 on t1.id=t2.id;
+------+-------+------+-------+
| id   | name  | id   | socre |
+------+-------+------+-------+
|    1 | lee   |    1 |    90 |
|    2 | zhang |    2 |   100 |
+------+-------+------+-------+
2 rows in set (0.00 sec)
```

#### 3.3 `letft join=left [outer] join`: 左连接(以左表为标准连接右表)
* 1.`select * from t1 left join t2 on t1.id = t2.id;`
* 2.`select * from t1 left outer join t2 on t1.id = t2.id;`
```
mysql> select * from t1 left join t2 on t1.id = t2.id;
+------+-------+------+-------+
| id   | name  | id   | socre |
+------+-------+------+-------+
|    1 | lee   |    1 |    90 |
|    2 | zhang |    2 |   100 |
|    4 | wang  | NULL |  NULL |
+------+-------+------+-------+
3 rows in set (0.00 sec)

mysql> select * from t1 left outer join t2 on t1.id = t2.id;
+------+-------+------+-------+
| id   | name  | id   | socre |
+------+-------+------+-------+
|    1 | lee   |    1 |    90 |
|    2 | zhang |    2 |   100 |
|    4 | wang  | NULL |  NULL |
+------+-------+------+-------+
3 rows in set (0.00 sec)
```

#### 3.4 `right join= right outer join`：右连接(以右表为标准连接左表)
* 1.`select * from t1 right join t2 on t1.id = t2.id;`
* 2.`select * from t1 right outer join t2 on t1.id = t2.id;`
```
mysql> select * from t1 right join t2 on t1.id = t2.id;
+------+-------+------+-------+
| id   | name  | id   | socre |
+------+-------+------+-------+
|    1 | lee   |    1 |    90 |
|    2 | zhang |    2 |   100 |
| NULL | NULL  |    3 |    90 |
+------+-------+------+-------+
3 rows in set (0.00 sec)

mysql> select * from t1 right outer join t2 on t1.id = t2.id;
+------+-------+------+-------+
| id   | name  | id   | socre |
+------+-------+------+-------+
|    1 | lee   |    1 |    90 |
|    2 | zhang |    2 |   100 |
| NULL | NULL  |    3 |    90 |
+------+-------+------+-------+
3 rows in set (0.00 sec)
```