### 【mysql】mysql(表关系一对多)[链接](https://www.jianshu.com/p/bd86c58b1902)

### 数据库表的关系

### 1. 一对多关系
> 一对多与多对一是一个概念，指的是一个实体的某个数据与另外一个实体的多个数据有关联关系。
> 
> 举例，学校中一个学院可以有很多的学生，而一个学生只属于某一个学院（通常情况下），学院与学生之间的关系就是一对多的关系，通过外键关联来实现这种关系。

#### 1.1 创建学院表`department`，设置`id`字段为`int`类型且自增长主键，`name`字段为`varchar(10)`类型且不能为空，`code`字段为`int`类型且不能为空
> `create table department(id int primary key auto_increment, name varchar(10) not null, code int not null);`
```
mysql> create table department(id int primary key auto_increment, name varchar(10) not null, code int not null);
Query OK, 0 rows affected (0.02 sec)

mysql> desc department;
+-------+-------------+------+-----+---------+----------------+
| Field | Type        | Null | Key | Default | Extra          |
+-------+-------------+------+-----+---------+----------------+
| id    | int(11)     | NO   | PRI | NULL    | auto_increment |
| name  | varchar(10) | NO   |     | NULL    |                |
| code  | int(11)     | NO   |     | NULL    |                |
+-------+-------------+------+-----+---------+----------------+
3 rows in set (0.00 sec)
```

#### 1.2 创建学生表`student`，设置`id`字段为`int`类型且为自增长主键，设置`name`字段为`varchar(10)`类型且不能为空，设置`dep_id`字段`int`类型关联`学院表department`中`id`字段

##### 命令
```
CREATE TABLE `student`( `id` INT PRIMARY KEY AUTO_INCREMENT,`name` VARCHAR(10) NOT NULL, `dep_id` INT, CONSTRAINT `stu_dep_for_key` FOREIGN KEY (`dep_id`) REFERENCES `department`(`id`) ON DELETE RESTRICT);
```

##### 执行结果
```
mysql> CREATE TABLE `student`( `id` INT PRIMARY KEY AUTO_INCREMENT,`name` VARCHAR(10) NOT NULL, `dep_id` INT, CONSTRAINT `stu_dep_for_key` FOREIGN KEY (`dep_id`) REFERENCES `department`(`id`) ON DELETE RESTRICT);
Query OK, 0 rows affected (0.01 sec)

mysql> desc student;
+--------+-------------+------+-----+---------+----------------+
| Field  | Type        | Null | Key | Default | Extra          |
+--------+-------------+------+-----+---------+----------------+
| id     | int(11)     | NO   | PRI | NULL    | auto_increment |
| name   | varchar(10) | NO   |     | NULL    |                |
| dep_id | int(11)     | YES  | MUL | NULL    |                |
+--------+-------------+------+-----+---------+----------------+
3 rows in set (0.00 sec)

mysql> desc department;
+-------+-------------+------+-----+---------+----------------+
| Field | Type        | Null | Key | Default | Extra          |
+-------+-------------+------+-----+---------+----------------+
| id    | int(11)     | NO   | PRI | NULL    | auto_increment |
| name  | varchar(10) | NO   |     | NULL    |                |
| code  | int(11)     | NO   |     | NULL    |                |
+-------+-------------+------+-----+---------+----------------+
3 rows in set (0.00 sec)
```

#### 1.3 学院表`department`插入数据
```
mysql> insert into department(name, code) values('英语学院',1),('法律学院',2),('美术学院',3);
Query OK, 3 rows affected (0.03 sec)
Records: 3  Duplicates: 0  Warnings: 0

mysql> select * from department;
+----+--------------+------+
| id | name         | code |
+----+--------------+------+
|  1 | 英语学院     |    1 |
|  2 | 法律学院     |    2 |
|  3 | 美术学院     |    3 |
+----+--------------+------+
3 rows in set (0.00 sec)
```

#### 1.4 学生表`student`插入数据
```
mysql> insert into student(name,dep_id) values('张无忌',1),('赵敏',2),('谢逊',3),('张翠山',1),(' 杨康',3),('洪七公',2);
Query OK, 6 rows affected (0.01 sec)
Records: 6  Duplicates: 0  Warnings: 0

mysql> select * from student;
+----+-----------+--------+
| id | name      | dep_id |
+----+-----------+--------+
|  1 | 张无忌    |      1 |
|  2 | 赵敏      |      2 |
|  3 | 谢逊      |      3 |
|  4 | 张翠山    |      1 |
|  5 | 杨康      |      3 |
|  6 | 洪七公    |      2 |
+----+-----------+--------+
6 rows in set (0.00 sec)
```

#### 1.5 根据学生表`student.dep_id`字段查询每个学生对应`department`学院表学院名称
```
mysql> select id,name,dep_id,(select name from department where id=dep_id) as department_name from student order by dep_id asc;
+----+-----------+--------+-----------------+
| id | name      | dep_id | department_name |
+----+-----------+--------+-----------------+
|  1 | 张无忌    |      1 | 英语学院        |
|  4 | 张翠山    |      1 | 英语学院        |
|  2 | 赵敏      |      2 | 法律学院        |
|  6 | 洪七公    |      2 | 法律学院        |
|  3 | 谢逊      |      3 | 美术学院        |
|  5 | 杨康      |      3 | 美术学院        |
+----+-----------+--------+-----------------+
6 rows in set (0.00 sec)
```