### 【mysql】mysql(表关系一对一多对多)[链接](https://www.jianshu.com/p/bd86c58b1902)

### 扩展使用宿主机`navicat`连接虚拟机`Mysql`不能链接虚拟机`Mysql`见[链接](https://www.cnblogs.com/brankoliu/p/10845491.html)

### 1.一对一关系
> 举例，学生表中有学号、姓名、学院，但学生还有些比如电话，家庭住址等比较私密的信息，这些信息不会放在学生表当中，会新建一个学生的详细信息表来存放。这时的学生表和学生的详细信息表两者的关系就是一对一的关系，因为一个学生只有一条详细信息。用外键加主键的方式来实现这种关系。

#### 1.1 新建`student_details`表
* `id`：int primary key auto_increment
* `id_crad`: int not null unique key
* `telphone`: int not null
* `stu_id`: int `关联student表id字段`

##### 命令
```
CREATE TABLE `student_details`(`id` INT PRIMARY KEY AUTO_INCREMENT,`id_card` INT NOT NULL UNIQUE KEY,`telephone` INT,`stu_id` INT,CONSTRAINT `stu_deta_for_key` FOREIGN KEY (`stu_id`) REFERENCES `student`(`id`) ON DELETE CASCADE);
```

##### 运行结果
```
mysql> CREATE TABLE `student_details`(`id` INT PRIMARY KEY AUTO_INCREMENT,`id_card` INT NOT NULL UNIQUE KEY,`telephone` INT,`stu_id` INT,CONSTRAINT `stu_deta_for_key` FOREIGN KEY (`stu_id`) REFERENCES `student`(`id`) ON DELETE CASCADE);
Query OK, 0 rows affected (0.03 sec)

mysql> desc student_details;
+-----------+---------+------+-----+---------+----------------+
| Field     | Type    | Null | Key | Default | Extra          |
+-----------+---------+------+-----+---------+----------------+
| id        | int(11) | NO   | PRI | NULL    | auto_increment |
| id_card   | int(11) | NO   | UNI | NULL    |                |
| telephone | int(11) | YES  |     | NULL    |                |
| stu_id    | int(11) | YES  | MUL | NULL    |                |
+-----------+---------+------+-----+---------+----------------+
4 rows in set (0.00 sec)
```

#### 1.2 插入`student_details`表数据
```
mysql> insert into student_details(id_card,telephone,stu_id) values('教主',110,1),('教主夫人',120,2),('义父',119,3);
mysql> select * from student_details;
+----+--------------+-----------+--------+
| id | id_card      | telephone | stu_id |
+----+--------------+-----------+--------+
|  1 | 教主         |       110 |      1 |
|  2 | 教主夫人     |       120 |      2 |
|  3 | 义父         |       119 |      3 |
+----+--------------+-----------+--------+
3 rows in set (0.00 sec)
```

#### 1.3 内连接查询学生的对应学生信息
> SELECT 列名1,列名2... FROM 表1 INNER JOIN 表2 ON 表1.外键=表2.主键 WhERE 条件语句;
>
> `select student.id, student.name, student_details.id_card, student_details.telephone from student inneer join student_details on student.id=student_details.stu_id;`
```
mysql> select student.id, student.name, student_details.id_card, student_details.telephone from student inneer join student_details on student.id=student_details.stu_id;
+----+-----------+--------------+-----------+
| id | name      | id_card      | telephone |
+----+-----------+--------------+-----------+
|  1 | 张无忌    | 教主         |       110 |
|  2 | 赵敏      | 教主夫人     |       120 |
|  3 | 谢逊      | 义父         |       119 |
+----+-----------+--------------+-----------+
3 rows in set (0.00 sec)
```

#### 1.4 左外链接查询学生的对应学生信息
> 左连接是以左表为标准，只查询在左边表中存在的数据，当然需要两个表中的键值一致。语法如下：
> 
> SELECT 列名1 FROM 表1 LEFT OUTER JOIN 表2 ON 表1.外键=表2.主键 WhERE 条件语句;
>
> `select student.id, student.name, student_details.id_card, student_details.telephone from student leftt outer join student_details on student.id=student_details.stu_id;`
```
mysql> select student.id, student.name, student_details.id_card, student_details.telephone from student leftt outer join student_details on student.id=student_details.stu_id;
+----+-----------+--------------+-----------+
| id | name      | id_card      | telephone |
+----+-----------+--------------+-----------+
|  1 | 张无忌    | 教主         |       110 |
|  2 | 赵敏      | 教主夫人     |       120 |
|  3 | 谢逊      | 义父         |       119 |
|  4 | 张翠山    | NULL         |      NULL |
|  5 | 杨康      | NULL         |      NULL |
|  6 | 洪七公    | NULL         |      NULL |
+----+-----------+--------------+-----------+
6 rows in set (0.00 sec)
```

#### 1.5 右外连接查询学生对应的学生信息
> 右连接将会以右边作为基准，进行检索。语法如下：
>
> SELECT 列名1 FROM 表1 RIGHT OUTER JOIN 表2 ON 表1.外键=表2.主键 WhERE 条件语句;
>
> `select student.id, student.name, student_details.id_card, student_details.telephone from student righht outer join student_details on student.id=student_details.stu_id;`
```
mysql> select student.id, student.name, student_details.id_card, student_details.telephone from student righht outer join student_details on student.id=student_details.stu_id;
+------+-----------+--------------+-----------+
| id   | name      | id_card      | telephone |
+------+-----------+--------------+-----------+
|    1 | 张无忌    | 教主         |       110 |
|    2 | 赵敏      | 教主夫人     |       120 |
|    3 | 谢逊      | 义父         |       119 |
+------+-----------+--------------+-----------+
3 rows in set (0.00 sec)
```

### 2.多对多关系
> 一个实体的数据对应另外一个实体的多个数据，另外实体的数据也同样对应当前实体的多个数据。
```
举例，学生要报名选修课，一个学生可以报名多门课程，一个课程有很多的学生报名，那么学生表和课程表两者就形成了多对多关系。对于多对多关系，需要创建第三张关系表，关系表中通过外键加主键的形式实现这种关系。
```

#### 2.1 创建课程表`course`
* `id`: int primary key auto_increment
* `name`: varchar(20) not null

##### 命令
* 1.`create table course(id int primary key auto_increment, name varchar(20) not null);`
* 2.`insert into course(name) values('语文'),('英语'),('数学'),('地理'),('生物');`
```
mysql> create table course(id int primary key auto_increment, name varchar(20) not null);
Query OK, 0 rows affected (0.01 sec)

mysql> desc course;
+-------+-------------+------+-----+---------+----------------+
| Field | Type        | Null | Key | Default | Extra          |
+-------+-------------+------+-----+---------+----------------+
| id    | int(11)     | NO   | PRI | NULL    | auto_increment |
| name  | varchar(20) | NO   |     | NULL    |                |
+-------+-------------+------+-----+---------+----------------+
2 rows in set (0.00 sec)

mysql> insert into course(name) values('语文'),('英语'),('数学'),('地理'),('生物');
Query OK, 5 rows affected (0.00 sec)
Records: 5  Duplicates: 0  Warnings: 0

mysql> select * from course;
+----+--------+
| id | name   |
+----+--------+
|  1 | 语文   |
|  2 | 英语   |
|  3 | 数学   |
|  4 | 地理   |
|  5 | 生物   |
+----+--------+
5 rows in set (0.00 sec)
```

#### 2.2 创建学生课程表`student_course`

##### 命令
```
CREATE TABLE student_course(`stu_id` INT,`coures_id` INT,PRIMARY KEY(`stu_id`,`coures_id`),CONSTRAINT T `select_stu_id_for_key` FOREIGN KEY (`stu_id`) REFERENCES `student`(`id`),CONSTRAINT `select_coures_id_forr_key` FOREIGN KEY (`coures_id`) REFERENCES `course`(`id`));
```

##### 执行插入数据
* `insert into student_course(stu_id, coures_id) values(1,1),(1,2),(3,3),(6,4),(6,5);`
```
mysql> desc student_course;
+-----------+---------+------+-----+---------+-------+
| Field     | Type    | Null | Key | Default | Extra |
+-----------+---------+------+-----+---------+-------+
| stu_id    | int(11) | NO   | PRI | 0       |       |
| coures_id | int(11) | NO   | PRI | 0       |       |
+-----------+---------+------+-----+---------+-------+
2 rows in set (0.00 sec)

mysql> insert into student_course(stu_id, coures_id) values(1,1),(1,2),(3,3),(6,4),(6,5);
Query OK, 5 rows affected (0.00 sec)
Records: 5  Duplicates: 0  Warnings: 0

mysql> select * from student_course;
+--------+-----------+
| stu_id | coures_id |
+--------+-----------+
|      1 |         1 |
|      1 |         2 |
|      3 |         3 |
|      6 |         4 |
|      6 |         5 |
+--------+-----------+
5 rows in set (0.00 sec)
```

#### 2.3 查询指定同学报名课程

##### 查询`张无忌`，所属`学院`、报名`课程`
> `select student.id, student.name, department.name as department_name,course.name as course_name from student, department, course, student_course where student.name='张无忌' and student.id=student_course.stu_idd and student.dep_id=department.id and student_course.coures_id=course.id;`
```
mysql> select student.id, student.name, department.name as department_name,course.name as course_name from student, department, course, student_course where student.name='张无忌' and student.id=student_course.stu_idd and student.dep_id=department.id and student_course.coures_id=course.id;
+----+-----------+-----------------+-------------+
| id | name      | department_name | course_name |
+----+-----------+-----------------+-------------+
|  1 | 张无忌    | 英语学院        | 语文        |
|  1 | 张无忌    | 英语学院        | 英语        |
+----+-----------+-----------------+-------------+
2 rows in set (0.00 sec)
```

##### 查询`洪七公`，所属`学院`、报名`课程`
> `select student.id, student.name, department.name as department_name, course.name as course_name from student, department, course, student_course where student.name = '洪七公' and student.dep_id = department.id and student.id = student_course.stu_id and student_course.coures_id = course.id;`
```
mysql> select student.id, student.name, department.name as department_name, course.name as course_name from student, department, course, student_course where student.name = '洪七公' and student.dep_id = department.id and student.id = student_course.stu_id and student_course.coures_id = course.id;
+----+-----------+-----------------+-------------+
| id | name      | department_name | course_name |
+----+-----------+-----------------+-------------+
|  6 | 洪七公    | 法律学院        | 地理        |
|  6 | 洪七公    | 法律学院        | 生物        |
+----+-----------+-----------------+-------------+
2 rows in set (0.00 sec)
```

#### 2.4 查询所有同学报名课程
> `select student.id, student.name, department.name, course.name from student, department, course, student_course where student.id = student_course.stu_id and student.dep_id = department.id and student_course.coures_id = course.id order by student.id asc;`
```
mysql> select student.id, student.name, department.name, course.name from student, department, course, student_course where student.id = student_course.stu_id and student.dep_id = department.id and student_course.coures_id = course.id order by student.id asc;
+----+-----------+--------------+--------+
| id | name      | name         | name   |
+----+-----------+--------------+--------+
|  1 | 张无忌    | 英语学院     | 英语   |
|  1 | 张无忌    | 英语学院     | 语文   |
|  3 | 谢逊      | 美术学院     | 数学   |
|  6 | 洪七公    | 法律学院     | 生物   |
|  6 | 洪七公    | 法律学院     | 地理   |
+----+-----------+--------------+--------+
5 rows in set (0.00 sec)
```