### 【mysql】mysql(备份方式)[链接](https://www.jianshu.com/p/0b6543892f04)

### 1.`mysqldump`在线备份，需要锁表，效率低。只能备份某个时刻数据状态.
* 1.备份一张表或多张表
    ```
    mysqldump -u用户 -p'密码' database [tables表名]
    ```
* 2.备份一个或者多个库
    ```
    mysqldump -u用户 -p'密码' --databases [OPTIONS] DB1 [DB2 DB3...]
    ```
* 3.备份所有的库
    ```
    mysqldump [OPTIONS] --all-databases [OPTIONS]
    ```

### 2.`mysqldump`在线恢复
* 1.恢复一张表或多张表
    ```
    mysql -u用户 -p'密码' 表名 < 一张表或多张表sql文件路径
    ```
* 2.恢复一个或者多个库
    ```
    1. mysql -u用户 -p'密码'  -e "create database 库名;"
    2. mysql -u用户 -p'密码' 库名 < 备份库sql路径
    ```
* 3.恢复所有库数据
    ```
    mysql -u用户 -p'密码' < 所有库sql路径
    ```

#### 备份+恢复一张表`(test_student)表`

##### 1.1 备份前数据
```
mysql> show tables;
+-----------------+
| Tables_in_aaaa  |
+-----------------+
| course          |
| department      |
| student         |
| student_course  |
| student_details |
| test_student    |
+-----------------+
6 rows in set (0.00 sec)

mysql> select * from test_student;
+----+-----------+--------------+
| id | name      | department   |
+----+-----------+--------------+
|  1 | 张无忌    | 明教         |
|  2 | 赵敏      | 郡主         |
|  3 | 谢逊      | 金毛狮王     |
|  4 | 张三丰    | 武当派       |
+----+-----------+--------------+
4 rows in set (0.00 sec)
```

##### 1.2 开始备份`test_student`表数据，备份完毕后删除`test_student`表
* 1.备份：`mysqldump -uroot -p'root123' aaaa test_student > /var/lib/mysql/sqlback/test_student.sql`
* 2.删除`test_student`表：`drop table test_student;`
```
[root@Centos02 sqlback]# mysqldump -uroot -p'root123' aaaa test_student > /var/lib/mysql/sqlback/test_student.sql
Warning: Using a password on the command line interface can be insecure.
[root@Centos02 sqlback]# ll
total 8
-rw-r--r--. 1 root root 2132 Feb  3 14:40 student.sql
-rw-r--r--. 1 root root 2058 Feb  3 14:48 test_student.sql

mysql> drop table test_student;
Query OK, 0 rows affected (0.01 sec)

mysql> show tables;
+-----------------+
| Tables_in_aaaa  |
+-----------------+
| course          |
| department      |
| student         |
| student_course  |
| student_details |
+-----------------+
5 rows in set (0.00 sec)

```

##### 1.3 从`/var/lib/mysql/sqlback/test_student.sql`文件恢复`test_student`表数据
* 1.恢复：`mysql -uroot -p'root123' aaaa < /var/lib/mysql/sqlback/test_student.sql`
```
[root@Centos02 sqlback]# mysql -uroot -p'root123' aaaa < /var/lib/mysql/sqlback/test_student.sql 
Warning: Using a password on the command line interface can be insecure.

mysql> show tables;
+-----------------+
| Tables_in_aaaa  |
+-----------------+
| course          |
| department      |
| student         |
| student_course  |
| student_details |
+-----------------+
5 rows in set (0.00 sec)

mysql> show tables;
+-----------------+
| Tables_in_aaaa  |
+-----------------+
| course          |
| department      |
| student         |
| student_course  |
| student_details |
| test_student    |
+-----------------+
6 rows in set (0.00 sec)

mysql> select * from test_student;
+----+-----------+--------------+
| id | name      | department   |
+----+-----------+--------------+
|  1 | 张无忌    | 明教         |
|  2 | 赵敏      | 郡主         |
|  3 | 谢逊      | 金毛狮王     |
|  4 | 张三丰    | 武当派       |
+----+-----------+--------------+
4 rows in set (0.00 sec)
```

#### 备份+恢复一个数据库`(aaaa)数据库`

##### 2.1 备份`aaaa`数据库前数据 
```
mysql> show databases;
+--------------------+
| Database           |
+--------------------+
| information_schema |
| aaaa               |
| ceshi1             |
| db03               |
| mysql              |
| performance_schema |
| sqlback            |
+--------------------+
7 rows in set (0.00 sec)

mysql> use aaaa;
Database changed
mysql> show tables;
+-----------------+
| Tables_in_aaaa  |
+-----------------+
| course          |
| department      |
| student         |
| student_course  |
| student_details |
| test_student    |
+-----------------+
6 rows in set (0.00 sec)
```

##### 2.1 备份`aaaa`数据库，备份后删除`aaaa`数据库
* 1.备份数据库：`mysqldump -uroot -p'root123' --databases aaaa > /var/lib/mysql/sqlback/database_aaaa.sql`
* 2.删除数据库：`drop database aaaa;`
```
[root@Centos02 sqlback]# mysqldump -uroot -p'root123' --databases aaaa > /var/lib/mysql/sqlback/database_aaaa.sql
Warning: Using a password on the command line interface can be insecure.
[root@Centos02 sqlback]# ll
total 24
-rw-r--r--. 1 root root 6507 Feb  3 15:04 database_aaaa.sql
-rw-r--r--. 1 root root 6507 Feb  3 15:03 database_aaa.sql
-rwxrwx---. 1 root root 2132 Feb  3 14:40 student.sql
-rwxrwx---. 1 root root 2058 Feb  3 14:48 test_student.sql

mysql> drop database aaaa;
Query OK, 6 rows affected (0.02 sec)

mysql> show databases;
+--------------------+
| Database           |
+--------------------+
| information_schema |
| ceshi1             |
| db03               |
| mysql              |
| performance_schema |
| sqlback            |
+--------------------+
6 rows in set (0.00 sec)
```

##### 2.2 从`/var/lib/mysql/sqlback/database_aaaa.sql`恢复数据库`aaaa`
* 1.恢复数据库`aaaa`：`mysql -uroot -p'root123' < /var/lib/mysql/sqlback/database_aaaa.sql`
```
[root@Centos02 sqlback]# mysql -uroot -p'root123' < /var/lib/mysql/sqlback/database_aaaa.sql
Warning: Using a password on the command line interface can be insecure.
[root@Centos02 sqlback]# echo $?
0

mysql> show databases;
+--------------------+
| Database           |
+--------------------+
| information_schema |
| aaaa               |
| ceshi1             |
| db03               |
| mysql              |
| performance_schema |
| sqlback            |
+--------------------+
7 rows in set (0.00 sec)

mysql> use aaaa;
Reading table information for completion of table and column names
You can turn off this feature to get a quicker startup with -A

Database changed
mysql> show tables;
+-----------------+
| Tables_in_aaaa  |
+-----------------+
| course          |
| department      |
| student         |
| student_course  |
| student_details |
| test_student    |
+-----------------+
6 rows in set (0.00 sec)
```

#### 备份+恢复所有数据库

##### 3.1 备份所有数据库之前数据
```
mysql> show databases;
+--------------------+
| Database           |
+--------------------+
| information_schema |
| aaaa               |
| ceshi1             |
| db03               |
| mysql              |
| performance_schema |
| sqlback            |
+--------------------+
7 rows in set (0.00 sec)
```

##### 3.2 备份所有数据库，备份后删除所有数据库
* 1.备份所有数据库: `mysqldump -uroot -p'root123' --all-databases > /var/lib/mysql/sqlback/all.sql`
* 2.删除所有数据库
    ```
    drop database aaaa;
    drop database ceshi1;
    drop database db03;
    ```
```
[root@Centos02 sqlback]# mysqldump -uroot -p'root123' --all-databases > /var/lib/mysql/sqlback/all.sql
Warning: Using a password on the command line interface can be insecure.
[root@Centos02 sqlback]# ll
total 732
-rw-r--r--. 1 root root 721809 Feb  3 15:16 all.sql
-rw-r--r--. 1 root root   6507 Feb  3 15:04 database_aaaa.sql
-rw-r--r--. 1 root root   6507 Feb  3 15:03 database_aaa.sql
-rwxrwx---. 1 root root   2132 Feb  3 14:40 student.sql
-rwxrwx---. 1 root root   2058 Feb  3 14:48 test_student.sql

mysql> drop database aaaa;
Query OK, 6 rows affected (0.02 sec)

mysql> drop database ceshi1;
Query OK, 7 rows affected (0.03 sec)

mysql> drop database db03;
Query OK, 7 rows affected (0.02 sec)

mysql> show databases;
+--------------------+
| Database           |
+--------------------+
| information_schema |
| mysql              |
| performance_schema |
| sqlback            |
+--------------------+
4 rows in set (0.00 sec)
```

##### 3.3 还原所有数据库
* 1.还原所有数据库: `mysql -uroot -p'root123' < /var/lib/mysql/sqlback/all.sql`
```
[root@Centos02 sqlback]# mysql -uroot -p'root123' < /var/lib/mysql/sqlback/all.sql 
Warning: Using a password on the command line interface can be insecure.
[root@Centos02 sqlback]# echo $?
0

mysql> show databases;
+--------------------+
| Database           |
+--------------------+
| information_schema |
| aaaa               |
| ceshi1             |
| db03               |
| mysql              |
| performance_schema |
| sqlback            |
+--------------------+
7 rows in set (0.00 sec)

mysql> use aaaa;
Reading table information for completion of table and column names
You can turn off this feature to get a quicker startup with -A

Database changed
mysql> show tables;
+-----------------+
| Tables_in_aaaa  |
+-----------------+
| course          |
| department      |
| student         |
| student_course  |
| student_details |
| test_student    |
+-----------------+
6 rows in set (0.00 sec)
```

### 3.`binlog`增量数据：记录着`mysql`服务器增删改的操作记录
* mysqlbinlog
    * `--start-datetime=name` 开始的时间
    * `--stop-datetime=name` 结束的时间
    * `--start-position=#` 开始的位置(POS)
    * `--stop-position=#`  结束的位置

#### 3.1 当前`binlog`日志文件
> ``
```
[root@Centos02 mysql]# ll
total 176932
......
-rw-rw----. 1 mysql mysql     1821 Jan 29 15:15 mysqld-bin.000001
-rw-rw----. 1 mysql mysql     5133 Jan 29 21:52 mysqld-bin.000002
-rw-rw----. 1 mysql mysql     5110 Jan 30 17:18 mysqld-bin.000003
-rw-rw----. 1 mysql mysql     5469 Jan 31 22:39 mysqld-bin.000004
-rw-rw----. 1 mysql mysql     4074 Feb  1 16:34 mysqld-bin.000005
-rw-rw----. 1 mysql mysql     4488 Feb  1 23:06 mysqld-bin.000006
-rw-rw----. 1 mysql mysql     2017 Feb  2 15:39 mysqld-bin.000007
-rw-rw----. 1 mysql mysql     2114 Feb  2 22:03 mysqld-bin.000008
-rw-rw----. 1 mysql mysql   734919 Feb  3 15:28 mysqld-bin.000009
-rw-rw----. 1 mysql mysql      120 Feb  3 15:28 mysqld-bin.000010
......
```

#### 3.2 `aaaa`数据库下新建`test_binlog`表，并新增数据
* 1.创建表：`reate table test_binlog(id int primary key auto_increment, name varchar(20) not null);`
* 2.新增数据：`insert into test_binlog(name) values('测绘师'),('建筑师'),('工程师'),('医生'),('护士');`
```
mysql> show tables;
+-----------------+
| Tables_in_aaaa  |
+-----------------+
| course          |
| department      |
| student         |
| student_course  |
| student_details |
| test_student    |
+-----------------+
6 rows in set (0.00 sec)

mysql> create table test_binlog(id int primary key auto_increment, name varchar(20) not null);
Query OK, 0 rows affected (0.01 sec)

mysql> insert into test_binlog(name) values('测绘师'),('建筑师'),('工程师'),('医生'),('护士');
Query OK, 5 rows affected (0.01 sec)
Records: 5  Duplicates: 0  Warnings: 0

mysql> select * from test_binlog;
+----+-----------+
| id | name      |
+----+-----------+
|  1 | 测绘师    |
|  2 | 建筑师    |
|  3 | 工程师    |
|  4 | 医生      |
|  5 | 护士      |
+----+-----------+
5 rows in set (0.00 sec)
```

#### 3.3 切割自创建`test_binlog`表后所有的日志
> `flush logs;`
```
mysql> flush logs;
Query OK, 0 rows affected (0.00 sec)
```

#### 3.4 新增日志文件`mysqld-bin.000010`及`mysqld-bin.000011`
```
[root@Centos02 mysql]# ll
total 176936
.....
-rw-rw----. 1 mysql mysql      643 Feb  3 15:37 mysqld-bin.000010
-rw-rw----. 1 mysql mysql      120 Feb  3 15:37 mysqld-bin.000011
.....
```

#### 3.5 查看原始`binlog`日志
> `show binlog events;`
> 
> 最后一行：`mysqld-bin.000001 | 1773 | Rotate      |         1 |        1821 | mysqld-bin.000002;pos=4`起始位置为`4`
```
mysql> show binlog events;
+-------------------+------+-------------+-----------+-------------+---------------------------------------+
| Log_name          | Pos  | Event_type  | Server_id | End_log_pos | Info                                  |
+-------------------+------+-------------+-----------+-------------+---------------------------------------+
| mysqld-bin.000001 |    4 | Format_desc |         1 |         120 | Server ver: 5.6.47-log, Binlog ver: 4 |
| mysqld-bin.000001 |  120 | Query       |         1 |         227 | create database aaaa charset=utf8     |
| mysqld-bin.000001 |  227 | Query       |         1 |         324 | use `aaaa`; create table t1(id int)   |
| mysqld-bin.000001 |  324 | Query       |         1 |         403 | BEGIN                                 |
| mysqld-bin.000001 |  403 | Query       |         1 |         500 | use `aaaa`; insert into t1 set id=1   |
| mysqld-bin.000001 |  500 | Xid         |         1 |         531 | COMMIT /* xid=19 */                   |
| mysqld-bin.000001 |  531 | Query       |         1 |         610 | BEGIN                                 |
| mysqld-bin.000001 |  610 | Query       |         1 |         707 | use `aaaa`; insert into t1 set id=2   |
| mysqld-bin.000001 |  707 | Xid         |         1 |         738 | COMMIT /* xid=20 */                   |
| mysqld-bin.000001 |  738 | Query       |         1 |         817 | BEGIN                                 |
| mysqld-bin.000001 |  817 | Query       |         1 |         914 | use `aaaa`; insert into t1 set id=3   |
| mysqld-bin.000001 |  914 | Xid         |         1 |         945 | COMMIT /* xid=21 */                   |
| mysqld-bin.000001 |  945 | Query       |         1 |        1024 | BEGIN                                 |
| mysqld-bin.000001 | 1024 | Query       |         1 |        1121 | use `aaaa`; insert into t1 set id=4   |
| mysqld-bin.000001 | 1121 | Xid         |         1 |        1152 | COMMIT /* xid=22 */                   |
| mysqld-bin.000001 | 1152 | Query       |         1 |        1231 | BEGIN                                 |
| mysqld-bin.000001 | 1231 | Query       |         1 |        1328 | use `aaaa`; insert into t1 set id=4   |
| mysqld-bin.000001 | 1328 | Xid         |         1 |        1359 | COMMIT /* xid=36 */                   |
| mysqld-bin.000001 | 1359 | Query       |         1 |        1438 | BEGIN                                 |
| mysqld-bin.000001 | 1438 | Query       |         1 |        1535 | use `aaaa`; insert into t1 set id=5   |
| mysqld-bin.000001 | 1535 | Xid         |         1 |        1566 | COMMIT /* xid=37 */                   |
| mysqld-bin.000001 | 1566 | Query       |         1 |        1645 | BEGIN                                 |
| mysqld-bin.000001 | 1645 | Query       |         1 |        1742 | use `aaaa`; insert into t1 set id=6   |
| mysqld-bin.000001 | 1742 | Xid         |         1 |        1773 | COMMIT /* xid=38 */                   |
| mysqld-bin.000001 | 1773 | Rotate      |         1 |        1821 | mysqld-bin.000002;pos=4               |
+-------------------+------+-------------+-----------+-------------+---------------------------------------+
25 rows in set (0.00 sec)
```

#### 3.6 查看指定文件`mysqld-bin.000010`日志起始位置和结束位置
* 日志名词解释
    * `BEGIN`: 从哪里开始
    * `COMMIT`: 事务已执行完毕，数据已提交到数据库
> `mysql> show binlog events in 'mysqld-bin.000010';`
```
mysql> show binlog events in 'mysqld-bin.000010';
+-------------------+-----+-------------+-----------+-------------+-----------------------------------------------------------------------------------------------------------------+
| Log_name          | Pos | Event_type  | Server_id | End_log_pos | Info                                                                                                            |
+-------------------+-----+-------------+-----------+-------------+-----------------------------------------------------------------------------------------------------------------+
| mysqld-bin.000010 |   4 | Format_desc |         1 |         120 | Server ver: 5.6.47-log, Binlog ver: 4                                                                           |
| mysqld-bin.000010 | 120 | Query       |         1 |         280 | use `aaaa`; create table test_binlog(id int primary key auto_increment, name varchar(20) not null)              |
| mysqld-bin.000010 | 280 | Query       |         1 |         359 | BEGIN                                                                                                           |
| mysqld-bin.000010 | 359 | Intvar      |         1 |         391 | INSERT_ID=1                                                                                                     |
| mysqld-bin.000010 | 391 | Query       |         1 |         564 | use `aaaa`; insert into test_binlog(name) values('测绘师'),('建筑师'),('工程师'),('医生'),('护士')              |
| mysqld-bin.000010 | 564 | Xid         |         1 |         595 | COMMIT /* xid=1510 */                                                                                           |
| mysqld-bin.000010 | 595 | Rotate      |         1 |         643 | mysqld-bin.000011;pos=4                                                                                         |
+-------------------+-----+-------------+-----------+-------------+-----------------------------------------------------------------------------------------------------------------+
7 rows in set (0.00 sec)
```

#### 3.7 备份`test_binlog`表
* 1.备份表：`mysqldump -uroot -p'root123' aaaa test_binlog > /var/lib/mysql/sqlback/test_binlog.sql`
* 2.删除表：`drop table test_binlog;`
```
[root@Centos02 mysql]# mysqldump -uroot -p'root123' aaaa test_binlog > /var/lib/mysql/sqlback/test_binlog.sql
Warning: Using a password on the command line interface can be insecure.

mysql> drop table test_binlog;
Query OK, 0 rows affected (0.01 sec)

mysql> show tables;
+-----------------+
| Tables_in_aaaa  |
+-----------------+
| course          |
| department      |
| student         |
| student_course  |
| student_details |
| test_student    |
+-----------------+
6 rows in set (0.00 sec)
```

#### 3.8 使用`binlog`日志还原`test_binlog`表

##### 3.8.1 查找`binlog`日志创建`test_binlog`表和`insert`插入数据开始结束`POS`

* `start-position: 120`
    ```
    | mysqld-bin.000010 | 120 | ..... | use `aaaa`; create table test_binlog(id int primary key auto_increment, name varchar(20) not null)              |
    ```

* `end-positon: 595`
    ```
    | mysqld-bin.000010 | 391 |.....|  use `aaaa`; insert into test_binlog(name) values('测绘师'),('建筑师'),('工程师'),('医生'),('护士')              |
    | mysqld-bin.000010 | 564 | Xid         |         1 |         595 | COMMIT /* xid=1510 */  
    ```
```
mysql> show binlog events in 'mysqld-bin.000010';
+-------------------+-----+-------------+-----------+-------------+-----------------------------------------------------------------------------------------------------------------+
| Log_name          | Pos | Event_type  | Server_id | End_log_pos | Info                                                                                                            |
+-------------------+-----+-------------+-----------+-------------+-----------------------------------------------------------------------------------------------------------------+
| mysqld-bin.000010 |   4 | Format_desc |         1 |         120 | Server ver: 5.6.47-log, Binlog ver: 4                                                                           |
| mysqld-bin.000010 | 120 | Query       |         1 |         280 | use `aaaa`; create table test_binlog(id int primary key auto_increment, name varchar(20) not null)              |
| mysqld-bin.000010 | 280 | Query       |         1 |         359 | BEGIN                                                                                                           |
| mysqld-bin.000010 | 359 | Intvar      |         1 |         391 | INSERT_ID=1                                                                                                     |
| mysqld-bin.000010 | 391 | Query       |         1 |         564 | use `aaaa`; insert into test_binlog(name) values('测绘师'),('建筑师'),('工程师'),('医生'),('护士')              |
| mysqld-bin.000010 | 564 | Xid         |         1 |         595 | COMMIT /* xid=1510 */                                                                                           |
| mysqld-bin.000010 | 595 | Rotate      |         1 |         643 | mysqld-bin.000011;pos=4                                                                                         |
+-------------------+-----+-------------+-----------+-------------+-----------------------------------------------------------------------------------------------------------------+
7 rows in set (0.00 sec)
```

##### 3.8.2 根据`start-position: 120`和`end-positon: 595`开始还原`test_binlog`表
* 1.`mysqlbinlog`还原命令：`mysqlbinlog --start-position=120 --stop-position=595 mysqld-bin.000010|mysql -uroot -p'root123'`
* 2.查询确认表还原成功：`mysql> select * from test_binlog;`
```
[root@Centos02 mysql]# mysqlbinlog --start-position=120 --stop-position=595 mysqld-bin.000010|mysql -uroot -p'root123'
Warning: Using a password on the command line interface can be insecure.
[root@Centos02 mysql]# echo $?
0

mysql> show tables;
+-----------------+
| Tables_in_aaaa  |
+-----------------+
| course          |
| department      |
| student         |
| student_course  |
| student_details |
| test_binlog     |
| test_student    |
+-----------------+
7 rows in set (0.00 sec)

mysql> select * from test_binlog;
+----+-----------+
| id | name      |
+----+-----------+
|  1 | 测绘师    |
|  2 | 建筑师    |
|  3 | 工程师    |
|  4 | 医生      |
|  5 | 护士      |
+----+-----------+
5 rows in set (0.00 sec)
```